level,tableIndex,oClass,instances,pvarPlacements,noPvarPlacements,pvarByteSizes,assetPayloadAvailable,highLodModelAvailable,highLodPacketCount,jointCount,ordinarySequenceSlotCount,ordinarySequencePopulatedCount,sourceSequenceAvailable,ratchetSequenceTableAvailable,ratchetSequenceSlotCount,ratchetSequencePopulatedCount
0,0,0,1,1,0,32,true,true,63,111,134,0,true,true,256,134
0,1,1,0,0,0,,true,false,0,20,23,23,true,false,0,0
0,2,2,0,0,0,,true,false,0,20,23,23,true,false,0,0
0,3,809,1,0,1,,false,false,0,0,0,0,false,false,0,0
0,4,1007,0,0,0,,true,true,1,0,1,1,true,false,0,0
0,5,10,0,0,0,,true,true,44,75,1,1,true,false,0,0
0,6,11,0,0,0,,true,true,26,45,5,5,true,false,0,0
0,7,12,0,0,0,,true,true,22,92,10,0,false,false,0,0
0,8,13,29,29,0,112,true,true,1,1,2,1,true,false,0,0
0,9,14,0,0,0,,true,true,1,0,1,1,true,false,0,0
0,10,15,0,0,0,,true,true,2,0,1,1,true,false,0,0
0,11,16,0,0,0,,true,true,4,0,1,1,true,false,0,0
0,12,71,0,0,0,,false,false,0,0,0,0,false,false,0,0
0,13,74,0,0,0,,true,true,7,2,4,3,true,false,0,0
0,14,110,0,0,0,,true,true,9,12,1,1,true,false,0,0
0,15,112,0,0,0,,true,true,3,0,1,1,true,false,0,0
0,16,121,0,0,0,,true,true,3,0,1,1,true,false,0,0
0,17,122,0,0,0,,true,true,1,0,1,1,true,false,0,0
0,18,149,0,0,0,,true,true,1,0,1,1,true,false,0,0
0,19,153,0,0,0,,true,true,1,0,1,1,true,false,0,0
0,20,157,0,0,0,,false,false,0,0,0,0,false,false,0,0
0,21,163,0,0,0,,false,false,0,0,0,0,false,false,0,0
0,22,166,0,0,0,,true,true,1,0,1,1,true,false,0,0
0,23,167,0,0,0,,false,false,0,0,0,0,false,false,0,0
0,24,168,0,0,0,,false,false,0,0,0,0,false,false,0,0
0,25,172,0,0,0,,true,true,3,4,1,1,true,false,0,0
0,26,173,0,0,0,,true,true,8,5,3,3,true,false,0,0
0,27,175,0,0,0,,false,false,0,0,0,0,false,false,0,0
0,28,176,0,0,0,,false,false,0,0,0,0,false,false,0,0
0,29,177,0,0,0,,false,false,0,0,0,0,false,false,0,0
0,30,179,0,0,0,,true,true,3,0,1,1,true,false,0,0
0,31,180,0,0,0,,false,false,0,0,0,0,false,false,0,0
0,32,185,0,0,0,,false,false,0,0,0,0,false,false,0,0
0,33,186,0,0,0,,true,true,14,38,11,8,true,false,0,0
0,34,188,0,0,0,,false,false,0,0,0,0,false,false,0,0
0,35,190,0,0,0,,false,false,0,0,0,0,false,false,0,0
0,36,192,0,0,0,,false,false,0,0,0,0,false,false,0,0
0,37,195,0,0,0,,true,true,10,5,3,3,true,false,0,0
0,38,203,0,0,0,,true,true,9,62,4,3,true,false,0,0
0,39,204,0,0,0,,true,true,2,0,1,1,true,false,0,0
0,40,208,0,0,0,,false,false,0,0,0,0,false,false,0,0
0,41,209,0,0,0,,true,true,6,9,8,8,true,false,0,0
0,42,213,0,0,0,,true,true,3,0,1,1,true,false,0,0
0,43,214,0,0,0,,true,true,3,0,1,1,true,false,0,0
0,44,222,0,0,0,,true,true,2,0,1,1,true,false,0,0
0,45,223,0,0,0,,true,true,2,0,1,1,true,false,0,0
0,46,225,0,0,0,,true,true,3,0,1,1,true,false,0,0
0,47,226,0,0,0,,true,true,3,0,1,1,true,false,0,0
0,48,229,0,0,0,,false,false,0,0,0,0,false,false,0,0
0,49,230,0,0,0,,true,true,2,0,1,1,true,false,0,0
0,50,270,0,0,0,,true,true,5,43,5,4,true,false,0,0
0,51,305,0,0,0,,false,false,0,0,0,0,false,false,0,0
0,52,348,0,0,0,,true,true,1,0,1,1,true,false,0,0
0,53,349,0,0,0,,true,true,1,0,1,1,true,false,0,0
0,54,354,0,0,0,,true,true,1,0,1,1,true,false,0,0
0,55,355,0,0,0,,true,true,1,0,1,1,true,false,0,0
0,56,356,0,0,0,,true,true,1,0,1,1,true,false,0,0
0,57,357,0,0,0,,true,true,1,0,1,1,true,false,0,0
0,58,358,0,0,0,,true,true,1,0,1,1,true,false,0,0
0,59,359,0,0,0,,true,true,1,0,1,1,true,false,0,0
0,60,407,0,0,0,,true,true,3,2,3,3,true,false,0,0
0,61,428,0,0,0,,true,true,1,0,1,1,true,false,0,0
0,62,433,0,0,0,,true,true,11,22,4,3,true,false,0,0
0,63,454,0,0,0,,false,false,0,0,0,0,false,false,0,0
0,64,457,0,0,0,,true,true,3,2,1,1,true,false,0,0
0,65,479,0,0,0,,true,true,5,10,1,1,true,false,0,0
0,66,483,0,0,0,,false,false,0,0,0,0,false,false,0,0
0,67,500,103,103,0,256,true,true,2,0,1,1,true,false,0,0
0,68,501,2,2,0,256,true,true,4,0,1,1,true,false,0,0
0,69,511,6,6,0,256,true,true,2,0,1,1,true,false,0,0
0,70,530,1,1,0,80,true,true,49,31,3,3,true,false,0,0
0,71,562,0,0,0,,false,false,0,0,0,0,false,false,0,0
0,72,585,0,0,0,,false,false,0,0,0,0,false,false,0,0
0,73,601,0,0,0,,true,true,22,33,18,18,true,false,0,0
0,74,607,0,0,0,,true,true,17,36,9,9,true,false,0,0
0,75,608,0,0,0,,true,true,6,15,9,9,true,false,0,0
0,76,609,0,0,0,,true,true,7,10,5,5,true,false,0,0
0,77,614,0,0,0,,true,true,8,1,1,1,true,false,0,0
0,78,618,0,0,0,,true,true,7,5,1,1,true,false,0,0
0,79,619,0,0,0,,false,false,0,0,0,0,false,false,0,0
0,80,634,0,0,0,,true,true,26,75,9,8,true,false,0,0
0,81,639,0,0,0,,true,true,1,0,1,1,true,false,0,0
0,82,657,0,0,0,,true,true,1,3,2,1,true,false,0,0
0,83,749,16,16,0,640,true,true,21,53,8,8,true,false,0,0
0,84,750,0,0,0,,true,true,19,43,5,5,true,false,0,0
0,85,760,6,6,0,96,false,false,0,0,0,0,false,false,0,0
0,86,775,0,0,0,,true,true,1,0,1,1,true,false,0,0
0,87,804,0,0,0,,true,true,1,0,1,1,true,false,0,0
0,88,806,0,0,0,,false,false,0,0,0,0,false,false,0,0
0,89,834,1,1,0,160,true,true,26,33,1,1,true,false,0,0
0,90,849,0,0,0,,false,false,0,0,0,0,false,false,0,0
0,91,1006,0,0,0,,true,true,2,0,1,1,true,false,0,0
0,92,1060,21,21,0,16,true,true,1,0,1,1,true,false,0,0
0,93,1137,1,0,1,,true,true,1,5,2,2,true,false,0,0
0,94,1138,0,0,0,,true,true,1,5,216,216,true,false,0,0
0,95,1143,0,0,0,,true,true,9,3,1,1,true,false,0,0
0,96,1146,0,0,0,,true,true,4,4,2,2,true,false,0,0
0,97,1192,0,0,0,,true,true,3,0,1,1,true,false,0,0
0,98,1204,0,0,0,,true,true,1,0,1,1,true,false,0,0
0,99,1249,0,0,0,,true,true,31,92,3,3,true,false,0,0
0,100,1251,0,0,0,,false,false,0,0,0,0,false,false,0,0
0,101,1289,0,0,0,,true,true,11,3,3,3,true,false,0,0
0,102,1290,0,0,0,,true,true,10,2,3,3,true,false,0,0
0,103,1365,0,0,0,,true,true,26,34,1,1,true,false,0,0
0,104,1413,1,1,0,48,false,false,0,0,0,0,false,false,0,0
0,105,1438,0,0,0,,true,true,2,1,1,1,true,false,0,0
0,106,1440,9,9,0,480,true,true,31,35,13,13,true,false,0,0
0,107,1447,0,0,0,,true,true,2,1,1,1,true,false,0,0
0,108,1449,0,0,0,,true,true,3,0,1,1,true,false,0,0
0,109,1471,1,1,0,16,false,false,0,0,0,0,false,false,0,0
0,110,1515,0,0,0,,true,true,26,5,1,1,true,false,0,0
0,111,1520,1,0,1,,true,true,30,7,1,1,true,false,0,0
0,112,1545,1,0,1,,false,false,0,0,0,0,false,false,0,0
0,113,1564,25,25,0,128,true,true,3,25,2,2,true,false,0,0
0,114,1635,0,0,0,,true,true,2,1,1,1,true,false,0,0
0,115,1781,33,0,33,,true,true,6,13,2,2,true,false,0,0
0,116,1782,36,0,36,,true,true,7,13,2,2,true,false,0,0
0,117,1871,0,0,0,,true,true,1,0,1,1,true,false,0,0
0,118,1872,0,0,0,,true,true,2,0,1,1,true,false,0,0
0,119,1900,0,0,0,,true,true,7,62,4,3,true,false,0,0
0,120,1933,0,0,0,,true,true,8,1,1,1,true,false,0,0
0,121,1934,0,0,0,,true,true,7,1,1,1,true,false,0,0
0,122,1935,0,0,0,,true,true,8,1,1,1,true,false,0,0
0,123,1963,0,0,0,,true,true,1,1,1,1,true,false,0,0
0,124,1964,1,0,1,,true,true,1,0,1,1,true,false,0,0
1,0,0,1,0,1,,true,true,63,111,134,0,true,true,256,88
1,1,1,0,0,0,,true,false,0,20,23,23,true,false,0,0
1,2,2,0,0,0,,true,false,0,20,23,23,true,false,0,0
1,3,726,1,1,0,208,true,true,11,1,1,1,true,false,0,0
1,4,809,1,0,1,,false,false,0,0,0,0,false,false,0,0
1,5,1007,0,0,0,,true,true,1,0,1,1,true,false,0,0
1,6,10,0,0,0,,true,true,44,75,1,1,true,false,0,0
1,7,11,1,1,0,160,true,true,26,45,5,5,true,false,0,0
1,8,12,0,0,0,,true,true,22,92,10,0,false,false,0,0
1,9,13,281,281,0,112,true,true,1,1,2,1,true,false,0,0
1,10,14,0,0,0,,true,true,1,0,1,1,true,false,0,0
1,11,15,0,0,0,,true,true,2,0,1,1,true,false,0,0
1,12,16,0,0,0,,true,true,4,0,1,1,true,false,0,0
1,13,27,10,10,0,224,false,false,0,0,0,0,false,false,0,0
1,14,66,1,0,1,,true,true,11,1,1,1,true,false,0,0
1,15,71,0,0,0,,false,false,0,0,0,0,false,false,0,0
1,16,74,0,0,0,,true,true,7,2,4,3,true,false,0,0
1,17,112,0,0,0,,true,true,3,0,1,1,true,false,0,0
1,18,121,0,0,0,,true,true,3,0,1,1,true,false,0,0
1,19,122,0,0,0,,true,true,1,0,1,1,true,false,0,0
1,20,149,0,0,0,,true,true,1,0,1,1,true,false,0,0
1,21,153,0,0,0,,true,true,1,0,1,1,true,false,0,0
1,22,156,0,0,0,,true,true,1,0,1,1,true,false,0,0
1,23,157,0,0,0,,false,false,0,0,0,0,false,false,0,0
1,24,163,0,0,0,,false,false,0,0,0,0,false,false,0,0
1,25,166,0,0,0,,true,true,1,0,1,1,true,false,0,0
1,26,167,0,0,0,,false,false,0,0,0,0,false,false,0,0
1,27,168,0,0,0,,false,false,0,0,0,0,false,false,0,0
1,28,172,0,0,0,,true,true,3,4,1,1,true,false,0,0
1,29,173,0,0,0,,true,true,8,5,3,3,true,false,0,0
1,30,175,0,0,0,,false,false,0,0,0,0,false,false,0,0
1,31,176,0,0,0,,false,false,0,0,0,0,false,false,0,0
1,32,177,0,0,0,,false,false,0,0,0,0,false,false,0,0
1,33,179,0,0,0,,true,true,3,0,1,1,true,false,0,0
1,34,180,0,0,0,,false,false,0,0,0,0,false,false,0,0
1,35,185,0,0,0,,false,false,0,0,0,0,false,false,0,0
1,36,186,0,0,0,,true,true,14,38,11,8,true,false,0,0
1,37,188,0,0,0,,false,false,0,0,0,0,false,false,0,0
1,38,190,0,0,0,,false,false,0,0,0,0,false,false,0,0
1,39,192,0,0,0,,false,false,0,0,0,0,false,false,0,0
1,40,195,0,0,0,,true,true,10,5,3,3,true,false,0,0
1,41,203,0,0,0,,true,true,9,62,4,3,true,false,0,0
1,42,204,0,0,0,,true,true,2,0,1,1,true,false,0,0
1,43,208,0,0,0,,false,false,0,0,0,0,false,false,0,0
1,44,209,0,0,0,,true,true,6,9,8,8,true,false,0,0
1,45,213,0,0,0,,true,true,3,0,1,1,true,false,0,0
1,46,214,0,0,0,,true,true,3,0,1,1,true,false,0,0
1,47,222,0,0,0,,true,true,2,0,1,1,true,false,0,0
1,48,223,0,0,0,,true,true,2,0,1,1,true,false,0,0
1,49,225,0,0,0,,true,true,3,0,1,1,true,false,0,0
1,50,226,0,0,0,,true,true,3,0,1,1,true,false,0,0
1,51,229,0,0,0,,false,false,0,0,0,0,false,false,0,0
1,52,230,0,0,0,,true,true,2,0,1,1,true,false,0,0
1,53,270,0,0,0,,true,true,5,43,5,4,true,false,0,0
1,54,280,2,2,0,64,true,true,7,0,1,1,true,false,0,0
1,55,304,10,10,0,80,true,true,24,0,1,1,true,false,0,0
1,56,305,0,0,0,,false,false,0,0,0,0,false,false,0,0
1,57,310,1,0,1,,true,true,4,0,1,1,true,false,0,0
1,58,315,0,0,0,,true,true,4,0,1,1,true,false,0,0
1,59,348,0,0,0,,true,true,1,0,1,1,true,false,0,0
1,60,349,0,0,0,,true,true,1,0,1,1,true,false,0,0
1,61,354,0,0,0,,true,true,1,0,1,1,true,false,0,0
1,62,355,0,0,0,,true,true,1,0,1,1,true,false,0,0
1,63,356,0,0,0,,true,true,1,0,1,1,true,false,0,0
1,64,357,0,0,0,,true,true,1,0,1,1,true,false,0,0
1,65,358,0,0,0,,true,true,1,0,1,1,true,false,0,0
1,66,359,0,0,0,,true,true,1,0,1,1,true,false,0,0
1,67,363,0,0,0,,true,true,1,0,1,1,true,false,0,0
1,68,364,0,0,0,,true,true,1,0,1,1,true,false,0,0
1,69,407,0,0,0,,true,true,3,2,3,3,true,false,0,0
1,70,428,0,0,0,,true,true,1,0,1,1,true,false,0,0
1,71,433,0,0,0,,true,true,11,22,4,3,true,false,0,0
1,72,437,0,0,0,,true,true,18,68,7,7,true,false,0,0
1,73,454,0,0,0,,false,false,0,0,0,0,false,false,0,0
1,74,457,0,0,0,,true,true,3,2,1,1,true,false,0,0
1,75,459,25,25,0,576,true,true,48,51,21,21,true,false,0,0
1,76,479,0,0,0,,true,true,5,10,1,1,true,false,0,0
1,77,483,0,0,0,,false,false,0,0,0,0,false,false,0,0
1,78,500,199,199,0,256,true,true,2,0,1,1,true,false,0,0
1,79,501,12,12,0,256,true,true,4,0,1,1,true,false,0,0
1,80,502,4,4,0,256,true,true,5,0,1,1,true,false,0,0
1,81,505,1,1,0,256,true,true,6,0,1,1,true,false,0,0
1,82,511,24,24,0,256,true,true,2,0,1,1,true,false,0,0
1,83,530,0,0,0,,true,true,49,31,3,3,true,false,0,0
1,84,531,0,0,0,,true,true,63,27,3,3,true,false,0,0
1,85,562,0,0,0,,false,false,0,0,0,0,false,false,0,0
1,86,567,0,0,0,,true,true,3,2,1,1,true,false,0,0
1,87,572,5,5,0,688,true,true,18,77,4,4,true,false,0,0
1,88,577,68,68,0,624,true,true,21,36,11,11,true,false,0,0
1,89,585,0,0,0,,false,false,0,0,0,0,false,false,0,0
1,90,601,0,0,0,,true,true,22,33,18,18,true,false,0,0
1,91,604,1,1,0,16,true,true,12,13,7,7,true,false,0,0
1,92,605,20,20,0,32,false,false,0,0,0,0,false,false,0,0
1,93,607,0,0,0,,true,true,17,36,9,9,true,false,0,0
1,94,608,0,0,0,,true,true,6,15,9,9,true,false,0,0
1,95,609,0,0,0,,true,true,7,10,5,5,true,false,0,0
1,96,613,4,4,0,48,false,false,0,0,0,0,false,false,0,0
1,97,614,0,0,0,,true,true,8,1,1,1,true,false,0,0
1,98,618,0,0,0,,true,true,7,5,1,1,true,false,0,0
1,99,619,0,0,0,,false,false,0,0,0,0,false,false,0,0
1,100,634,0,0,0,,true,true,26,75,9,8,true,false,0,0
1,101,639,0,0,0,,true,true,1,0,1,1,true,false,0,0
1,102,641,1,1,0,16,true,true,10,0,1,1,true,false,0,0
1,103,657,0,0,0,,true,true,1,3,2,1,true,false,0,0
1,104,660,10,10,0,384,true,true,17,1,1,1,true,false,0,0
1,105,665,4,4,0,32,true,true,2,0,1,1,true,false,0,0
1,106,666,2,2,0,416,true,true,37,14,6,6,true,false,0,0
1,107,676,1,1,0,16,false,false,0,0,0,0,false,false,0,0
1,108,678,1,1,0,16,false,false,0,0,0,0,false,false,0,0
1,109,679,2,2,0,128,false,false,0,0,0,0,false,false,0,0
1,110,686,0,0,0,,true,true,1,0,1,1,true,false,0,0
1,111,687,1,0,1,,true,true,15,0,1,1,true,false,0,0
1,112,688,2,2,0,512,true,true,17,2,1,1,true,false,0,0
1,113,695,9,9,0,32,true,true,8,0,1,1,true,false,0,0
1,114,696,0,0,0,,true,true,1,0,1,1,true,false,0,0
1,115,697,0,0,0,,true,true,2,0,1,1,true,false,0,0
1,116,698,0,0,0,,true,true,1,0,1,1,true,false,0,0
1,117,700,6,6,0,16,false,false,0,0,0,0,false,false,0,0
1,118,701,3,3,0,144,true,true,6,0,1,1,true,false,0,0
1,119,703,2,2,0,192,true,true,15,0,1,1,true,false,0,0
1,120,704,3,3,0,16,true,true,5,0,1,1,true,false,0,0
1,121,705,5,5,0,16,true,true,8,0,1,1,true,false,0,0
1,122,709,1,0,1,,true,true,2,0,1,1,true,false,0,0
1,123,710,1,0,1,,true,true,2,0,1,1,true,false,0,0
1,124,711,1,0,1,,true,true,2,0,1,1,true,false,0,0
1,125,715,5,5,0,192,true,true,15,0,1,1,true,false,0,0
1,126,722,0,0,0,,true,true,1,0,1,1,true,false,0,0
1,127,724,89,0,89,,true,true,2,8,2,2,true,false,0,0
1,128,725,36,0,36,,true,true,4,7,2,2,true,false,0,0
1,129,729,1,0,1,,true,true,4,0,1,1,true,false,0,0
1,130,730,1,1,0,64,true,true,28,10,3,3,true,false,0,0
1,131,731,0,0,0,,true,true,25,8,5,5,true,false,0,0
1,132,737,5,5,0,64,false,false,0,0,0,0,false,false,0,0
1,133,742,5,0,5,,true,true,10,0,1,1,true,false,0,0
1,134,746,2,2,0,128,true,true,8,0,1,1,true,false,0,0
1,135,747,3,0,3,,true,true,10,2,1,1,true,false,0,0
1,136,750,1,1,0,208,true,true,19,43,5,5,true,false,0,0
1,137,751,1,1,0,32,false,false,0,0,0,0,false,false,0,0
1,138,754,12,12,0,16,true,true,5,3,2,2,true,false,0,0
1,139,760,4,4,0,96,false,false,0,0,0,0,false,false,0,0
1,140,761,1,0,1,,false,false,0,0,0,0,false,false,0,0
1,141,768,4,4,0,32,true,true,7,0,1,1,true,false,0,0
1,142,769,4,4,0,32,true,true,2,0,1,1,true,false,0,0
1,143,774,1,1,0,416,true,true,30,90,1,1,true,false,0,0
1,144,775,0,0,0,,true,true,1,0,1,1,true,false,0,0
1,145,778,1,1,0,16,true,true,8,0,1,1,true,false,0,0
1,146,779,0,0,0,,true,true,10,0,1,1,true,false,0,0
1,147,780,2,0,2,,true,true,3,0,1,1,true,false,0,0
1,148,787,0,0,0,,true,true,1,0,1,1,true,false,0,0
1,149,790,1,1,0,64,true,true,25,8,5,5,true,false,0,0
1,150,804,0,0,0,,true,true,1,0,1,1,true,false,0,0
1,151,805,3,3,0,48,false,false,0,0,0,0,false,false,0,0
1,152,806,0,0,0,,false,false,0,0,0,0,false,false,0,0
1,153,811,0,0,0,,true,true,32,99,1,1,true,false,0,0
1,154,815,6,6,0,64,true,true,31,0,1,1,true,false,0,0
1,155,832,1,1,0,336,false,false,0,0,0,0,false,false,0,0
1,156,849,0,0,0,,false,false,0,0,0,0,false,false,0,0
1,157,865,10,10,0,688,true,true,17,75,6,6,true,false,0,0
1,158,866,20,20,0,688,true,true,17,78,7,7,true,false,0,0
1,159,1006,0,0,0,,true,true,2,0,1,1,true,false,0,0
1,160,1042,12,0,12,,true,true,7,0,1,1,true,false,0,0
1,161,1134,3,3,0,128,true,true,2,1,2,2,true,false,0,0
1,162,1135,2,2,0,80,true,true,5,0,1,1,true,false,0,0
1,163,1137,0,0,0,,true,true,1,5,2,2,true,false,0,0
1,164,1138,0,0,0,,true,true,1,5,216,216,true,false,0,0
1,165,1143,0,0,0,,true,true,9,3,1,1,true,false,0,0
1,166,1146,0,0,0,,true,true,4,4,2,2,true,false,0,0
1,167,1192,0,0,0,,true,true,3,0,1,1,true,false,0,0
1,168,1204,0,0,0,,true,true,1,0,1,1,true,false,0,0
1,169,1225,1,0,1,,false,false,0,0,0,0,false,false,0,0
1,170,1251,0,0,0,,false,false,0,0,0,0,false,false,0,0
1,171,1289,0,0,0,,true,true,11,3,3,3,true,false,0,0
1,172,1290,0,0,0,,true,true,10,2,3,3,true,false,0,0
1,173,1341,1,1,0,64,false,false,0,0,0,0,false,false,0,0
1,174,1365,0,0,0,,true,true,26,34,1,1,true,false,0,0
1,175,1438,0,0,0,,true,true,2,1,1,1,true,false,0,0
1,176,1447,0,0,0,,true,true,2,1,1,1,true,false,0,0
1,177,1449,0,0,0,,true,true,3,0,1,1,true,false,0,0
1,178,1456,1,1,0,80,true,true,10,1,1,1,true,false,0,0
1,179,1457,1,1,0,80,true,true,10,1,1,1,true,false,0,0
1,180,1458,1,1,0,80,true,true,7,1,1,1,true,false,0,0
1,181,1459,1,1,0,80,true,true,7,1,1,1,true,false,0,0
1,182,1460,1,1,0,80,true,true,8,1,1,1,true,false,0,0
1,183,1461,1,1,0,80,true,true,10,1,1,1,true,false,0,0
1,184,1462,1,1,0,80,true,true,8,1,1,1,true,false,0,0
1,185,1463,1,1,0,80,true,true,15,1,1,1,true,false,0,0
1,186,1464,1,1,0,80,true,true,11,1,1,1,true,false,0,0
1,187,1465,1,1,0,80,true,true,11,1,1,1,true,false,0,0
1,188,1504,1,1,0,144,false,false,0,0,0,0,false,false,0,0
1,189,1510,0,0,0,,true,true,3,0,1,1,true,false,0,0
1,190,1546,1,0,1,,false,false,0,0,0,0,false,false,0,0
1,191,1633,0,0,0,,true,true,3,2,2,2,true,false,0,0
1,192,1736,0,0,0,,true,true,6,0,1,1,true,false,0,0
1,193,1737,0,0,0,,true,true,4,1,1,1,true,false,0,0
1,194,1738,0,0,0,,true,true,6,1,1,1,true,false,0,0
1,195,1747,0,0,0,,true,true,4,1,1,1,true,false,0,0
1,196,1748,0,0,0,,true,true,3,1,1,1,true,false,0,0
1,197,1749,0,0,0,,true,true,1,1,1,1,true,false,0,0
1,198,1761,0,0,0,,true,true,4,1,1,1,true,false,0,0
1,199,1762,0,0,0,,true,true,3,1,1,1,true,false,0,0
1,200,1763,0,0,0,,true,true,7,0,1,1,true,false,0,0
1,201,1770,0,0,0,,true,true,4,1,1,1,true,false,0,0
1,202,1813,4,0,4,,true,true,3,0,1,1,true,false,0,0
1,203,1814,0,0,0,,true,true,1,0,1,1,true,false,0,0
1,204,1815,0,0,0,,true,true,1,0,1,1,true,false,0,0
1,205,1816,0,0,0,,true,true,4,0,1,1,true,false,0,0
1,206,1817,0,0,0,,true,true,1,0,1,1,true,false,0,0
1,207,1818,1,1,0,208,true,true,19,49,3,3,true,false,0,0
1,208,1848,1,0,1,,false,false,0,0,0,0,false,false,0,0
1,209,1871,0,0,0,,true,true,1,0,1,1,true,false,0,0
1,210,1872,0,0,0,,true,true,2,0,1,1,true,false,0,0
1,211,1900,0,0,0,,true,true,7,62,4,3,true,false,0,0
2,0,0,1,0,1,,true,true,63,111,134,0,true,true,256,86
2,1,1,0,0,0,,true,false,0,20,23,23,true,false,0,0
2,2,2,0,0,0,,true,false,0,20,23,23,true,false,0,0
2,3,1007,0,0,0,,true,true,1,0,1,1,true,false,0,0
2,4,10,0,0,0,,true,true,44,75,1,1,true,false,0,0
2,5,11,1,1,0,160,true,true,26,45,5,5,true,false,0,0
2,6,12,0,0,0,,true,true,22,92,10,0,false,false,0,0
2,7,13,204,204,0,112,true,true,1,1,2,1,true,false,0,0
2,8,14,0,0,0,,true,true,1,0,1,1,true,false,0,0
2,9,15,0,0,0,,true,true,2,0,1,1,true,false,0,0
2,10,16,0,0,0,,true,true,4,0,1,1,true,false,0,0
2,11,56,0,0,0,,true,true,2,2,1,1,true,false,0,0
2,12,71,0,0,0,,false,false,0,0,0,0,false,false,0,0
2,13,74,0,0,0,,true,true,7,2,4,3,true,false,0,0
2,14,80,0,0,0,,true,true,14,10,1,1,true,false,0,0
2,15,84,0,0,0,,true,true,9,12,1,1,true,false,0,0
2,16,112,0,0,0,,true,true,3,0,1,1,true,false,0,0
2,17,121,0,0,0,,true,true,3,0,1,1,true,false,0,0
2,18,122,0,0,0,,true,true,1,0,1,1,true,false,0,0
2,19,149,0,0,0,,true,true,1,0,1,1,true,false,0,0
2,20,153,0,0,0,,true,true,1,0,1,1,true,false,0,0
2,21,157,0,0,0,,false,false,0,0,0,0,false,false,0,0
2,22,163,0,0,0,,false,false,0,0,0,0,false,false,0,0
2,23,166,0,0,0,,true,true,1,0,1,1,true,false,0,0
2,24,167,0,0,0,,false,false,0,0,0,0,false,false,0,0
2,25,168,0,0,0,,false,false,0,0,0,0,false,false,0,0
2,26,172,0,0,0,,true,true,3,4,1,1,true,false,0,0
2,27,173,0,0,0,,true,true,8,5,3,3,true,false,0,0
2,28,175,0,0,0,,false,false,0,0,0,0,false,false,0,0
2,29,176,0,0,0,,false,false,0,0,0,0,false,false,0,0
2,30,177,0,0,0,,false,false,0,0,0,0,false,false,0,0
2,31,179,0,0,0,,true,true,3,0,1,1,true,false,0,0
2,32,180,0,0,0,,false,false,0,0,0,0,false,false,0,0
2,33,185,0,0,0,,false,false,0,0,0,0,false,false,0,0
2,34,186,0,0,0,,true,true,14,38,11,8,true,false,0,0
2,35,188,0,0,0,,false,false,0,0,0,0,false,false,0,0
2,36,190,0,0,0,,false,false,0,0,0,0,false,false,0,0
2,37,192,0,0,0,,false,false,0,0,0,0,false,false,0,0
2,38,195,0,0,0,,true,true,10,5,3,3,true,false,0,0
2,39,203,0,0,0,,true,true,9,62,4,3,true,false,0,0
2,40,204,0,0,0,,true,true,2,0,1,1,true,false,0,0
2,41,208,0,0,0,,false,false,0,0,0,0,false,false,0,0
2,42,209,0,0,0,,true,true,6,9,8,8,true,false,0,0
2,43,213,0,0,0,,true,true,3,0,1,1,true,false,0,0
2,44,214,0,0,0,,true,true,3,0,1,1,true,false,0,0
2,45,222,0,0,0,,true,true,2,0,1,1,true,false,0,0
2,46,223,0,0,0,,true,true,2,0,1,1,true,false,0,0
2,47,225,0,0,0,,true,true,3,0,1,1,true,false,0,0
2,48,226,0,0,0,,true,true,3,0,1,1,true,false,0,0
2,49,229,0,0,0,,false,false,0,0,0,0,false,false,0,0
2,50,230,0,0,0,,true,true,2,0,1,1,true,false,0,0
2,51,270,0,0,0,,true,true,5,43,5,4,true,false,0,0
2,52,305,0,0,0,,false,false,0,0,0,0,false,false,0,0
2,53,331,3,0,3,,true,true,13,34,1,1,true,false,0,0
2,54,332,3,0,3,,true,true,13,34,13,13,true,false,0,0
2,55,348,0,0,0,,true,true,1,0,1,1,true,false,0,0
2,56,349,0,0,0,,true,true,1,0,1,1,true,false,0,0
2,57,354,0,0,0,,true,true,1,0,1,1,true,false,0,0
2,58,355,0,0,0,,true,true,1,0,1,1,true,false,0,0
2,59,356,0,0,0,,true,true,1,0,1,1,true,false,0,0
2,60,357,0,0,0,,true,true,1,0,1,1,true,false,0,0
2,61,358,0,0,0,,true,true,1,0,1,1,true,false,0,0
2,62,359,0,0,0,,true,true,1,0,1,1,true,false,0,0
2,63,363,0,0,0,,true,true,1,0,1,1,true,false,0,0
2,64,364,0,0,0,,true,true,1,0,1,1,true,false,0,0
2,65,407,0,0,0,,true,true,3,2,3,3,true,false,0,0
2,66,428,0,0,0,,true,true,1,0,1,1,true,false,0,0
2,67,433,0,0,0,,true,true,11,22,4,3,true,false,0,0
2,68,437,0,0,0,,true,true,18,68,7,7,true,false,0,0
2,69,454,0,0,0,,false,false,0,0,0,0,false,false,0,0
2,70,457,0,0,0,,true,true,3,2,1,1,true,false,0,0
2,71,479,0,0,0,,true,true,5,10,1,1,true,false,0,0
2,72,483,0,0,0,,false,false,0,0,0,0,false,false,0,0
2,73,500,118,118,0,256,true,true,2,0,1,1,true,false,0,0
2,74,501,14,14,0,256,true,true,4,0,1,1,true,false,0,0
2,75,505,43,43,0,256,true,true,6,0,1,1,true,false,0,0
2,76,511,24,24,0,256,true,true,2,0,1,1,true,false,0,0
2,77,562,0,0,0,,false,false,0,0,0,0,false,false,0,0
2,78,580,115,115,0,736,true,true,13,38,13,13,true,false,0,0
2,79,585,0,0,0,,false,false,0,0,0,0,false,false,0,0
2,80,601,0,0,0,,true,true,22,33,18,18,true,false,0,0
2,81,604,1,1,0,16,true,true,12,13,7,7,true,false,0,0
2,82,605,21,21,0,32,false,false,0,0,0,0,false,false,0,0
2,83,607,0,0,0,,true,true,17,36,9,9,true,false,0,0
2,84,608,0,0,0,,true,true,6,15,9,9,true,false,0,0
2,85,609,0,0,0,,true,true,7,10,5,5,true,false,0,0
2,86,612,15,15,0,576,true,true,38,52,17,17,true,false,0,0
2,87,614,0,0,0,,true,true,8,1,1,1,true,false,0,0
2,88,615,1,1,0,288,true,true,14,16,1,1,true,false,0,0
2,89,618,0,0,0,,true,true,7,5,1,1,true,false,0,0
2,90,619,0,0,0,,false,false,0,0,0,0,false,false,0,0
2,91,634,0,0,0,,true,true,26,75,9,8,true,false,0,0
2,92,639,0,0,0,,true,true,1,0,1,1,true,false,0,0
2,93,651,3,3,0,192,true,true,2,0,1,1,true,false,0,0
2,94,652,13,13,0,176,true,true,8,37,3,3,true,false,0,0
2,95,653,4,4,0,176,true,true,7,37,3,3,true,false,0,0
2,96,656,2,0,2,,true,true,23,10,4,4,true,false,0,0
2,97,657,0,0,0,,true,true,1,3,2,1,true,false,0,0
2,98,662,1,0,1,,true,true,54,11,1,1,true,false,0,0
2,99,668,7,7,0,256,true,true,10,29,4,4,true,false,0,0
2,100,675,1,0,1,,true,true,30,14,8,8,true,false,0,0
2,101,682,0,0,0,,true,true,6,38,16,16,true,false,0,0
2,102,690,1,0,1,,true,true,46,1,1,1,true,false,0,0
2,103,696,0,0,0,,true,true,1,0,1,1,true,false,0,0
2,104,697,0,0,0,,true,true,2,0,1,1,true,false,0,0
2,105,698,0,0,0,,true,true,1,0,1,1,true,false,0,0
2,106,706,1,0,1,,true,true,3,0,1,1,true,false,0,0
2,107,707,3,3,0,96,true,true,10,0,1,1,true,false,0,0
2,108,713,1,1,0,256,true,true,1,0,1,1,true,false,0,0
2,109,719,12,0,12,,true,true,16,6,1,1,true,false,0,0
2,110,720,2,0,2,,true,true,19,0,1,1,true,false,0,0
2,111,727,2,0,2,,true,true,2,0,1,1,true,false,0,0
2,112,728,2,0,2,,true,true,2,0,1,1,true,false,0,0
2,113,732,3,3,0,16,true,true,15,4,8,8,true,false,0,0
2,114,733,1,1,0,48,true,true,18,6,2,2,true,false,0,0
2,115,734,1,1,0,96,true,true,9,0,1,1,true,false,0,0
2,116,735,1,1,0,48,true,true,5,1,1,1,true,false,0,0
2,117,736,1,1,0,48,true,true,5,1,1,1,true,false,0,0
2,118,737,1,1,0,64,false,false,0,0,0,0,false,false,0,0
2,119,743,1,1,0,32,true,true,2,0,1,1,true,false,0,0
2,120,744,1,1,0,32,true,true,2,0,1,1,true,false,0,0
2,121,755,0,0,0,,true,true,2,0,1,1,true,false,0,0
2,122,758,11,11,0,64,true,true,2,1,1,1,true,false,0,0
2,123,762,1,0,1,,true,true,3,0,1,1,true,false,0,0
2,124,766,54,0,54,,true,true,2,4,2,2,true,false,0,0
2,125,767,1,0,1,,true,true,2,9,2,2,true,false,0,0
2,126,770,0,0,0,,true,true,17,36,1,1,true,false,0,0
2,127,775,0,0,0,,true,true,1,0,1,1,true,false,0,0
2,128,781,1,0,1,,true,true,15,4,1,1,true,false,0,0
2,129,786,1,1,0,400,true,true,26,96,2,2,true,false,0,0
2,130,788,1,1,0,432,true,true,33,98,5,5,true,false,0,0
2,131,789,1,0,1,,true,true,8,9,4,4,true,false,0,0
2,132,792,1,1,0,224,true,true,6,4,1,1,true,false,0,0
2,133,803,6,6,0,64,true,true,4,0,1,1,true,false,0,0
2,134,804,0,0,0,,true,true,1,0,1,1,true,false,0,0
2,135,805,5,5,0,48,false,false,0,0,0,0,false,false,0,0
2,136,806,0,0,0,,false,false,0,0,0,0,false,false,0,0
2,137,832,1,1,0,336,false,false,0,0,0,0,false,false,0,0
2,138,849,0,0,0,,false,false,0,0,0,0,false,false,0,0
2,139,854,1,1,0,32,false,false,0,0,0,0,false,false,0,0
2,140,1005,1,1,0,80,true,true,14,10,1,1,true,false,0,0
2,141,1006,0,0,0,,true,true,2,0,1,1,true,false,0,0
2,142,1056,2,0,2,,true,true,15,0,1,1,true,false,0,0
2,143,1057,0,0,0,,true,true,14,0,1,1,true,false,0,0
2,144,1058,0,0,0,,true,true,11,0,1,1,true,false,0,0
2,145,1060,17,17,0,16,true,true,1,0,1,1,true,false,0,0
2,146,1134,4,4,0,128,true,true,2,1,2,2,true,false,0,0
2,147,1137,0,0,0,,true,true,1,5,2,2,true,false,0,0
2,148,1138,0,0,0,,true,true,1,5,216,216,true,false,0,0
2,149,1143,0,0,0,,true,true,9,3,1,1,true,false,0,0
2,150,1146,0,0,0,,true,true,4,4,2,2,true,false,0,0
2,151,1192,0,0,0,,true,true,3,0,1,1,true,false,0,0
2,152,1204,0,0,0,,true,true,1,0,1,1,true,false,0,0
2,153,1208,0,0,0,,true,true,37,51,1,1,true,false,0,0
2,154,1212,6,6,0,192,true,true,12,7,1,1,true,false,0,0
2,155,1213,6,6,0,240,true,true,20,9,1,1,true,false,0,0
2,156,1251,0,0,0,,false,false,0,0,0,0,false,false,0,0
2,157,1289,0,0,0,,true,true,11,3,3,3,true,false,0,0
2,158,1290,0,0,0,,true,true,10,2,3,3,true,false,0,0
2,159,1324,1,1,0,96,false,false,0,0,0,0,false,false,0,0
2,160,1438,0,0,0,,true,true,2,1,1,1,true,false,0,0
2,161,1447,0,0,0,,true,true,2,1,1,1,true,false,0,0
2,162,1449,0,0,0,,true,true,3,0,1,1,true,false,0,0
2,163,1479,5,5,0,256,false,false,0,0,0,0,false,false,0,0
2,164,1505,0,0,0,,true,true,7,0,1,1,true,false,0,0
2,165,1506,0,0,0,,true,true,7,0,1,1,true,false,0,0
2,166,1522,0,0,0,,true,true,2,1,1,1,true,false,0,0
2,167,1525,0,0,0,,true,true,2,1,1,1,true,false,0,0
2,168,1526,0,0,0,,true,true,2,1,1,1,true,false,0,0
2,169,1528,0,0,0,,true,true,2,1,1,1,true,false,0,0
2,170,1529,0,0,0,,true,true,3,1,1,1,true,false,0,0
2,171,1633,0,0,0,,true,true,3,2,2,2,true,false,0,0
2,172,1751,0,0,0,,true,true,2,1,1,1,true,false,0,0
2,173,1752,0,0,0,,true,true,1,1,1,1,true,false,0,0
2,174,1753,0,0,0,,true,true,4,1,1,1,true,false,0,0
2,175,1764,0,0,0,,true,true,6,0,1,1,true,false,0,0
2,176,1765,0,0,0,,true,true,3,1,1,1,true,false,0,0
2,177,1769,0,0,0,,true,true,2,1,1,1,true,false,0,0
2,178,1818,1,1,0,208,true,true,19,49,3,3,true,false,0,0
2,179,1819,18,0,18,,true,true,17,0,1,1,true,false,0,0
2,180,1820,0,0,0,,true,true,6,0,1,1,true,false,0,0
2,181,1821,0,0,0,,true,true,1,0,1,1,true,false,0,0
2,182,1871,0,0,0,,true,true,1,0,1,1,true,false,0,0
2,183,1872,0,0,0,,true,true,2,0,1,1,true,false,0,0
2,184,1900,0,0,0,,true,true,7,62,4,3,true,false,0,0
2,185,1922,0,0,0,,true,true,2,1,1,1,true,false,0,0
2,186,1936,0,0,0,,true,true,2,1,1,1,true,false,0,0
3,0,0,1,0,1,,true,true,63,111,134,0,true,true,256,79
3,1,1,0,0,0,,true,false,0,20,23,23,true,false,0,0
3,2,2,0,0,0,,true,false,0,20,23,23,true,false,0,0
3,3,726,3,3,0,208,true,true,11,1,1,1,true,false,0,0
3,4,822,2,2,0,272,true,true,29,2,1,1,true,false,0,0
3,5,868,8,8,0,480,true,true,1,0,1,1,true,false,0,0
3,6,1007,0,0,0,,true,true,1,0,1,1,true,false,0,0
3,7,1210,5,5,0,240,true,true,10,3,1,1,true,false,0,0
3,8,10,0,0,0,,true,true,44,75,1,1,true,false,0,0
3,9,11,1,1,0,160,true,true,26,45,5,5,true,false,0,0
3,10,12,0,0,0,,true,true,22,92,10,0,false,false,0,0
3,11,13,145,145,0,112,true,true,1,1,2,1,true,false,0,0
3,12,14,0,0,0,,true,true,1,0,1,1,true,false,0,0
3,13,15,0,0,0,,true,true,2,0,1,1,true,false,0,0
3,14,16,0,0,0,,true,true,4,0,1,1,true,false,0,0
3,15,71,0,0,0,,false,false,0,0,0,0,false,false,0,0
3,16,74,0,0,0,,true,true,7,2,4,3,true,false,0,0
3,17,75,38,38,0,352,true,true,3,1,1,1,true,false,0,0
3,18,112,0,0,0,,true,true,3,0,1,1,true,false,0,0
3,19,115,30,30,0,352,true,true,3,1,1,1,true,false,0,0
3,20,116,35,35,0,352,true,true,4,2,1,1,true,false,0,0
3,21,117,28,28,0,352,true,true,7,4,1,1,true,false,0,0
3,22,118,1,1,0,352,true,true,7,4,1,1,true,false,0,0
3,23,119,34,34,0,352,true,true,4,1,1,1,true,false,0,0
3,24,120,36,36,0,352,true,true,6,1,1,1,true,false,0,0
3,25,121,0,0,0,,true,true,3,0,1,1,true,false,0,0
3,26,122,0,0,0,,true,true,1,0,1,1,true,false,0,0
3,27,132,41,41,0,352,true,true,4,2,1,1,true,false,0,0
3,28,149,0,0,0,,true,true,1,0,1,1,true,false,0,0
3,29,153,0,0,0,,true,true,1,0,1,1,true,false,0,0
3,30,157,0,0,0,,false,false,0,0,0,0,false,false,0,0
3,31,163,0,0,0,,false,false,0,0,0,0,false,false,0,0
3,32,166,0,0,0,,true,true,1,0,1,1,true,false,0,0
3,33,167,0,0,0,,false,false,0,0,0,0,false,false,0,0
3,34,168,0,0,0,,false,false,0,0,0,0,false,false,0,0
3,35,172,0,0,0,,true,true,3,4,1,1,true,false,0,0
3,36,173,0,0,0,,true,true,8,5,3,3,true,false,0,0
3,37,175,0,0,0,,false,false,0,0,0,0,false,false,0,0
3,38,176,0,0,0,,false,false,0,0,0,0,false,false,0,0
3,39,177,0,0,0,,false,false,0,0,0,0,false,false,0,0
3,40,179,0,0,0,,true,true,3,0,1,1,true,false,0,0
3,41,180,0,0,0,,false,false,0,0,0,0,false,false,0,0
3,42,185,0,0,0,,false,false,0,0,0,0,false,false,0,0
3,43,186,0,0,0,,true,true,14,38,11,8,true,false,0,0
3,44,188,0,0,0,,false,false,0,0,0,0,false,false,0,0
3,45,190,0,0,0,,false,false,0,0,0,0,false,false,0,0
3,46,192,0,0,0,,false,false,0,0,0,0,false,false,0,0
3,47,195,0,0,0,,true,true,10,5,3,3,true,false,0,0
3,48,203,0,0,0,,true,true,9,62,4,3,true,false,0,0
3,49,204,0,0,0,,true,true,2,0,1,1,true,false,0,0
3,50,208,0,0,0,,false,false,0,0,0,0,false,false,0,0
3,51,209,0,0,0,,true,true,6,9,8,8,true,false,0,0
3,52,213,0,0,0,,true,true,3,0,1,1,true,false,0,0
3,53,214,0,0,0,,true,true,3,0,1,1,true,false,0,0
3,54,222,0,0,0,,true,true,2,0,1,1,true,false,0,0
3,55,223,0,0,0,,true,true,2,0,1,1,true,false,0,0
3,56,225,0,0,0,,true,true,3,0,1,1,true,false,0,0
3,57,226,0,0,0,,true,true,3,0,1,1,true,false,0,0
3,58,229,0,0,0,,false,false,0,0,0,0,false,false,0,0
3,59,230,0,0,0,,true,true,2,0,1,1,true,false,0,0
3,60,235,0,0,0,,true,true,1,0,1,1,true,false,0,0
3,61,270,0,0,0,,true,true,5,43,5,4,true,false,0,0
3,62,305,0,0,0,,false,false,0,0,0,0,false,false,0,0
3,63,348,0,0,0,,true,true,1,0,1,1,true,false,0,0
3,64,349,0,0,0,,true,true,1,0,1,1,true,false,0,0
3,65,354,0,0,0,,true,true,1,0,1,1,true,false,0,0
3,66,355,0,0,0,,true,true,1,0,1,1,true,false,0,0
3,67,356,0,0,0,,true,true,1,0,1,1,true,false,0,0
3,68,357,0,0,0,,true,true,1,0,1,1,true,false,0,0
3,69,358,0,0,0,,true,true,1,0,1,1,true,false,0,0
3,70,359,0,0,0,,true,true,1,0,1,1,true,false,0,0
3,71,363,0,0,0,,true,true,1,0,1,1,true,false,0,0
3,72,364,0,0,0,,true,true,1,0,1,1,true,false,0,0
3,73,407,0,0,0,,true,true,3,2,3,3,true,false,0,0
3,74,428,0,0,0,,true,true,1,0,1,1,true,false,0,0
3,75,433,0,0,0,,true,true,11,22,4,3,true,false,0,0
3,76,454,0,0,0,,false,false,0,0,0,0,false,false,0,0
3,77,455,2,2,0,304,true,true,25,41,1,1,true,false,0,0
3,78,457,0,0,0,,true,true,3,2,1,1,true,false,0,0
3,79,479,0,0,0,,true,true,5,10,1,1,true,false,0,0
3,80,483,0,0,0,,false,false,0,0,0,0,false,false,0,0
3,81,500,302,302,0,256,true,true,2,0,1,1,true,false,0,0
3,82,501,11,11,0,256,true,true,4,0,1,1,true,false,0,0
3,83,505,17,17,0,256,true,true,6,0,1,1,true,false,0,0
3,84,511,33,33,0,256,true,true,2,0,1,1,true,false,0,0
3,85,545,0,0,0,,true,true,2,0,1,1,true,false,0,0
3,86,562,0,0,0,,false,false,0,0,0,0,false,false,0,0
3,87,573,87,87,0,704,true,true,17,56,7,7,true,false,0,0
3,88,574,19,19,0,672,true,true,40,80,12,12,true,false,0,0
3,89,578,5,5,0,416,true,true,39,59,6,6,true,false,0,0
3,90,585,0,0,0,,false,false,0,0,0,0,false,false,0,0
3,91,601,0,0,0,,true,true,22,33,18,18,true,false,0,0
3,92,604,1,1,0,16,true,true,12,13,7,7,true,false,0,0
3,93,605,20,20,0,32,false,false,0,0,0,0,false,false,0,0
3,94,607,0,0,0,,true,true,17,36,9,9,true,false,0,0
3,95,608,0,0,0,,true,true,6,15,9,9,true,false,0,0
3,96,609,0,0,0,,true,true,7,10,5,5,true,false,0,0
3,97,614,0,0,0,,true,true,8,1,1,1,true,false,0,0
3,98,618,0,0,0,,true,true,7,5,1,1,true,false,0,0
3,99,619,0,0,0,,false,false,0,0,0,0,false,false,0,0
3,100,627,0,0,0,,true,true,7,3,2,2,true,false,0,0
3,101,631,1,1,0,608,true,true,25,9,1,1,true,false,0,0
3,102,634,0,0,0,,true,true,26,75,9,8,true,false,0,0
3,103,639,0,0,0,,true,true,1,0,1,1,true,false,0,0
3,104,657,0,0,0,,true,true,1,3,2,1,true,false,0,0
3,105,737,2,2,0,64,false,false,0,0,0,0,false,false,0,0
3,106,750,1,1,0,208,true,true,19,43,5,5,true,false,0,0
3,107,758,2,2,0,64,true,true,2,1,1,1,true,false,0,0
3,108,770,0,0,0,,true,true,17,36,1,1,true,false,0,0
3,109,775,0,0,0,,true,true,1,0,1,1,true,false,0,0
3,110,795,3,3,0,352,true,true,8,12,1,1,true,false,0,0
3,111,803,1,1,0,64,true,true,4,0,1,1,true,false,0,0
3,112,804,0,0,0,,true,true,1,0,1,1,true,false,0,0
3,113,805,4,4,0,48,false,false,0,0,0,0,false,false,0,0
3,114,806,0,0,0,,false,false,0,0,0,0,false,false,0,0
3,115,816,3,3,0,432,true,true,28,3,1,1,true,false,0,0
3,116,817,1,0,1,,true,true,6,0,1,1,true,false,0,0
3,117,825,1,1,0,96,true,true,22,2,1,1,true,false,0,0
3,118,832,1,1,0,336,false,false,0,0,0,0,false,false,0,0
3,119,833,0,0,0,,true,true,3,2,1,1,true,false,0,0
3,120,845,1,1,0,336,false,false,0,0,0,0,false,false,0,0
3,121,848,0,0,0,,false,false,0,0,0,0,false,false,0,0
3,122,849,0,0,0,,false,false,0,0,0,0,false,false,0,0
3,123,883,8,0,8,,true,true,13,2,1,1,true,false,0,0
3,124,890,1,1,0,560,true,true,28,92,1,1,true,false,0,0
3,125,898,0,0,0,,true,true,1,0,1,1,true,false,0,0
3,126,899,4,4,0,48,false,false,0,0,0,0,false,false,0,0
3,127,905,2,2,0,480,true,true,1,0,1,1,true,false,0,0
3,128,909,1,1,0,416,true,true,34,96,3,3,true,false,0,0
3,129,914,1,1,0,80,true,true,25,14,2,2,true,false,0,0
3,130,915,5,5,0,448,true,true,28,71,1,1,true,false,0,0
3,131,916,4,4,0,448,true,true,25,71,1,1,true,false,0,0
3,132,917,5,5,0,448,true,true,24,65,1,1,true,false,0,0
3,133,920,0,0,0,,true,true,29,92,1,1,true,false,0,0
3,134,928,2,2,0,480,true,true,1,0,1,1,true,false,0,0
3,135,992,0,0,0,,true,true,15,30,1,1,true,false,0,0
3,136,994,1,0,1,,false,false,0,0,0,0,false,false,0,0
3,137,997,1,1,0,16,true,true,1,0,1,1,true,false,0,0
3,138,1006,0,0,0,,true,true,2,0,1,1,true,false,0,0
3,139,1012,2,2,0,240,true,true,28,1,1,1,true,false,0,0
3,140,1134,3,3,0,128,true,true,2,1,2,2,true,false,0,0
3,141,1137,0,0,0,,true,true,1,5,2,2,true,false,0,0
3,142,1138,0,0,0,,true,true,1,5,216,216,true,false,0,0
3,143,1143,0,0,0,,true,true,9,3,1,1,true,false,0,0
3,144,1146,0,0,0,,true,true,4,4,2,2,true,false,0,0
3,145,1162,2,0,2,,true,true,21,0,1,1,true,false,0,0
3,146,1163,4,0,4,,true,true,4,0,1,1,true,false,0,0
3,147,1164,3,0,3,,true,true,7,0,1,1,true,false,0,0
3,148,1165,5,0,5,,true,true,2,0,1,1,true,false,0,0
3,149,1166,3,0,3,,true,true,3,0,1,1,true,false,0,0
3,150,1192,0,0,0,,true,true,3,0,1,1,true,false,0,0
3,151,1195,4,0,4,,true,true,4,0,1,1,true,false,0,0
3,152,1204,0,0,0,,true,true,1,0,1,1,true,false,0,0
3,153,1221,0,0,0,,true,true,1,1,1,1,true,false,0,0
3,154,1222,0,0,0,,true,true,2,1,1,1,true,false,0,0
3,155,1251,0,0,0,,false,false,0,0,0,0,false,false,0,0
3,156,1289,0,0,0,,true,true,11,3,3,3,true,false,0,0
3,157,1290,0,0,0,,true,true,10,2,3,3,true,false,0,0
3,158,1342,1,1,0,144,false,false,0,0,0,0,false,false,0,0
3,159,1438,0,0,0,,true,true,2,1,1,1,true,false,0,0
3,160,1447,0,0,0,,true,true,2,1,1,1,true,false,0,0
3,161,1449,0,0,0,,true,true,3,0,1,1,true,false,0,0
3,162,1548,1,0,1,,false,false,0,0,0,0,false,false,0,0
3,163,1591,0,0,0,,true,true,3,1,1,1,true,false,0,0
3,164,1592,0,0,0,,true,true,4,1,1,1,true,false,0,0
3,165,1593,0,0,0,,true,true,4,1,1,1,true,false,0,0
3,166,1633,0,0,0,,true,true,3,2,2,2,true,false,0,0
3,167,1705,0,0,0,,true,true,2,1,1,1,true,false,0,0
3,168,1706,0,0,0,,true,true,2,1,1,1,true,false,0,0
3,169,1707,0,0,0,,true,true,1,1,1,1,true,false,0,0
3,170,1708,0,0,0,,true,true,6,1,1,1,true,false,0,0
3,171,1709,0,0,0,,true,true,2,1,1,1,true,false,0,0
3,172,1710,0,0,0,,true,true,1,1,1,1,true,false,0,0
3,173,1711,0,0,0,,true,true,4,1,1,1,true,false,0,0
3,174,1712,0,0,0,,true,true,4,1,1,1,true,false,0,0
3,175,1713,0,0,0,,true,true,1,0,1,1,true,false,0,0
3,176,1714,0,0,0,,true,true,2,0,1,1,true,false,0,0
3,177,1715,0,0,0,,true,true,2,1,1,1,true,false,0,0
3,178,1716,0,0,0,,true,true,2,1,1,1,true,false,0,0
3,179,1717,0,0,0,,true,true,3,1,1,1,true,false,0,0
3,180,1718,0,0,0,,true,true,3,1,1,1,true,false,0,0
3,181,1719,0,0,0,,true,true,1,1,1,1,true,false,0,0
3,182,1720,0,0,0,,true,true,4,1,1,1,true,false,0,0
3,183,1721,0,0,0,,true,true,3,1,1,1,true,false,0,0
3,184,1722,0,0,0,,true,true,1,1,1,1,true,false,0,0
3,185,1724,0,0,0,,true,true,4,1,1,1,true,false,0,0
3,186,1726,0,0,0,,true,true,2,1,1,1,true,false,0,0
3,187,1727,0,0,0,,true,true,1,1,1,1,true,false,0,0
3,188,1733,0,0,0,,true,true,6,1,1,1,true,false,0,0
3,189,1734,0,0,0,,true,true,8,1,1,1,true,false,0,0
3,190,1735,0,0,0,,true,true,6,1,1,1,true,false,0,0
3,191,1742,0,0,0,,true,true,3,1,1,1,true,false,0,0
3,192,1743,0,0,0,,true,true,3,1,1,1,true,false,0,0
3,193,1744,0,0,0,,true,true,10,1,1,1,true,false,0,0
3,194,1745,0,0,0,,true,true,3,1,1,1,true,false,0,0
3,195,1746,0,0,0,,true,true,3,1,1,1,true,false,0,0
3,196,1818,1,1,0,208,true,true,19,49,3,3,true,false,0,0
3,197,1827,39,0,39,,true,true,4,0,1,1,true,false,0,0
3,198,1828,0,0,0,,true,true,4,0,1,1,true,false,0,0
3,199,1829,0,0,0,,true,true,1,0,1,1,true,false,0,0
3,200,1830,0,0,0,,true,true,1,0,1,1,true,false,0,0
3,201,1831,0,0,0,,true,true,1,0,1,1,true,false,0,0
3,202,1832,0,0,0,,true,true,3,0,1,1,true,false,0,0
3,203,1833,0,0,0,,true,true,2,0,1,1,true,false,0,0
3,204,1871,0,0,0,,true,true,1,0,1,1,true,false,0,0
3,205,1872,0,0,0,,true,true,2,0,1,1,true,false,0,0
3,206,1900,0,0,0,,true,true,7,62,4,3,true,false,0,0
3,207,1917,0,0,0,,true,true,2,1,1,1,true,false,0,0
4,0,0,1,0,1,,true,true,63,111,134,0,true,true,256,84
4,1,1,0,0,0,,true,false,0,20,23,23,true,false,0,0
4,2,2,0,0,0,,true,false,0,20,23,23,true,false,0,0
4,3,1007,0,0,0,,true,true,1,0,1,1,true,false,0,0
4,4,10,0,0,0,,true,true,44,75,1,1,true,false,0,0
4,5,11,1,1,0,160,true,true,26,45,5,5,true,false,0,0
4,6,12,0,0,0,,true,true,22,92,10,0,false,false,0,0
4,7,13,136,136,0,112,true,true,1,1,2,1,true,false,0,0
4,8,14,0,0,0,,true,true,1,0,1,1,true,false,0,0
4,9,15,0,0,0,,true,true,2,0,1,1,true,false,0,0
4,10,16,0,0,0,,true,true,4,0,1,1,true,false,0,0
4,11,54,0,0,0,,true,true,17,20,8,8,true,false,0,0
4,12,71,0,0,0,,false,false,0,0,0,0,false,false,0,0
4,13,74,0,0,0,,true,true,7,2,4,3,true,false,0,0
4,14,85,0,0,0,,true,true,1,3,1,1,true,false,0,0
4,15,86,3,3,0,176,false,false,0,0,0,0,false,false,0,0
4,16,110,0,0,0,,true,true,9,12,1,1,true,false,0,0
4,17,112,0,0,0,,true,true,3,0,1,1,true,false,0,0
4,18,121,0,0,0,,true,true,3,0,1,1,true,false,0,0
4,19,122,0,0,0,,true,true,1,0,1,1,true,false,0,0
4,20,149,0,0,0,,true,true,1,0,1,1,true,false,0,0
4,21,153,0,0,0,,true,true,1,0,1,1,true,false,0,0
4,22,157,0,0,0,,false,false,0,0,0,0,false,false,0,0
4,23,161,0,0,0,,true,true,1,8,2,2,true,false,0,0
4,24,163,0,0,0,,false,false,0,0,0,0,false,false,0,0
4,25,166,0,0,0,,true,true,1,0,1,1,true,false,0,0
4,26,167,0,0,0,,false,false,0,0,0,0,false,false,0,0
4,27,168,0,0,0,,false,false,0,0,0,0,false,false,0,0
4,28,172,0,0,0,,true,true,3,4,1,1,true,false,0,0
4,29,173,0,0,0,,true,true,8,5,3,3,true,false,0,0
4,30,175,0,0,0,,false,false,0,0,0,0,false,false,0,0
4,31,176,0,0,0,,false,false,0,0,0,0,false,false,0,0
4,32,177,0,0,0,,false,false,0,0,0,0,false,false,0,0
4,33,179,0,0,0,,true,true,3,0,1,1,true,false,0,0
4,34,180,0,0,0,,false,false,0,0,0,0,false,false,0,0
4,35,184,0,0,0,,true,true,1,0,1,1,true,false,0,0
4,36,185,0,0,0,,false,false,0,0,0,0,false,false,0,0
4,37,186,0,0,0,,true,true,14,38,11,8,true,false,0,0
4,38,188,0,0,0,,false,false,0,0,0,0,false,false,0,0
4,39,190,0,0,0,,false,false,0,0,0,0,false,false,0,0
4,40,192,0,0,0,,false,false,0,0,0,0,false,false,0,0
4,41,195,0,0,0,,true,true,10,5,3,3,true,false,0,0
4,42,203,0,0,0,,true,true,9,62,4,3,true,false,0,0
4,43,204,0,0,0,,true,true,2,0,1,1,true,false,0,0
4,44,208,0,0,0,,false,false,0,0,0,0,false,false,0,0
4,45,209,0,0,0,,true,true,6,9,8,8,true,false,0,0
4,46,213,0,0,0,,true,true,3,0,1,1,true,false,0,0
4,47,214,0,0,0,,true,true,3,0,1,1,true,false,0,0
4,48,217,5,5,0,1104,true,true,34,81,16,16,true,false,0,0
4,49,222,0,0,0,,true,true,2,0,1,1,true,false,0,0
4,50,223,0,0,0,,true,true,2,0,1,1,true,false,0,0
4,51,225,0,0,0,,true,true,3,0,1,1,true,false,0,0
4,52,226,0,0,0,,true,true,3,0,1,1,true,false,0,0
4,53,229,0,0,0,,false,false,0,0,0,0,false,false,0,0
4,54,230,0,0,0,,true,true,2,0,1,1,true,false,0,0
4,55,270,0,0,0,,true,true,5,43,5,4,true,false,0,0
4,56,280,9,9,0,64,true,true,7,0,1,1,true,false,0,0
4,57,305,0,0,0,,false,false,0,0,0,0,false,false,0,0
4,58,340,63,63,0,688,true,true,38,59,12,12,true,false,0,0
4,59,348,0,0,0,,true,true,1,0,1,1,true,false,0,0
4,60,349,0,0,0,,true,true,1,0,1,1,true,false,0,0
4,61,354,0,0,0,,true,true,1,0,1,1,true,false,0,0
4,62,355,0,0,0,,true,true,1,0,1,1,true,false,0,0
4,63,356,0,0,0,,true,true,1,0,1,1,true,false,0,0
4,64,357,0,0,0,,true,true,1,0,1,1,true,false,0,0
4,65,358,0,0,0,,true,true,1,0,1,1,true,false,0,0
4,66,359,0,0,0,,true,true,1,0,1,1,true,false,0,0
4,67,363,0,0,0,,true,true,1,0,1,1,true,false,0,0
4,68,364,0,0,0,,true,true,1,0,1,1,true,false,0,0
4,69,407,0,0,0,,true,true,3,2,3,3,true,false,0,0
4,70,427,13,13,0,528,true,true,45,90,18,18,true,false,0,0
4,71,428,0,0,0,,true,true,1,0,1,1,true,false,0,0
4,72,432,4,4,0,16,true,true,43,5,2,2,true,false,0,0
4,73,433,0,0,0,,true,true,11,22,4,3,true,false,0,0
4,74,434,3,3,0,16,true,true,23,10,2,2,true,false,0,0
4,75,437,0,0,0,,true,true,18,68,7,7,true,false,0,0
4,76,454,0,0,0,,false,false,0,0,0,0,false,false,0,0
4,77,457,0,0,0,,true,true,3,2,1,1,true,false,0,0
4,78,466,4,4,0,512,true,true,22,9,1,1,true,false,0,0
4,79,476,2,0,2,,true,true,2,0,1,1,true,false,0,0
4,80,477,3,0,3,,true,true,2,0,1,1,true,false,0,0
4,81,478,2,0,2,,true,true,2,0,1,1,true,false,0,0
4,82,479,0,0,0,,true,true,5,10,1,1,true,false,0,0
4,83,480,6,6,0,512,true,true,21,17,2,2,true,false,0,0
4,84,481,4,4,0,576,true,true,24,12,1,1,true,false,0,0
4,85,483,0,0,0,,false,false,0,0,0,0,false,false,0,0
4,86,484,3,3,0,384,true,true,25,0,1,1,true,false,0,0
4,87,485,3,3,0,512,true,true,23,2,1,1,true,false,0,0
4,88,486,3,3,0,512,true,true,18,2,1,1,true,false,0,0
4,89,488,2,2,0,512,true,true,28,5,1,1,true,false,0,0
4,90,490,3,3,0,512,true,true,15,3,1,1,true,false,0,0
4,91,493,3,3,0,512,true,true,25,3,1,1,true,false,0,0
4,92,494,4,4,0,512,true,true,24,2,1,1,true,false,0,0
4,93,495,6,6,0,512,true,true,26,2,1,1,true,false,0,0
4,94,498,2,2,0,512,true,true,22,2,1,1,true,false,0,0
4,95,499,0,0,0,,true,true,8,5,1,1,true,false,0,0
4,96,500,117,117,0,256,true,true,2,0,1,1,true,false,0,0
4,97,501,13,13,0,256,true,true,4,0,1,1,true,false,0,0
4,98,505,17,17,0,256,true,true,6,0,1,1,true,false,0,0
4,99,511,18,18,0,256,true,true,2,0,1,1,true,false,0,0
4,100,555,2,2,0,512,true,true,23,2,1,1,true,false,0,0
4,101,562,0,0,0,,false,false,0,0,0,0,false,false,0,0
4,102,563,17,17,0,1008,true,true,38,89,17,17,true,false,0,0
4,103,570,0,0,0,,true,true,5,5,16,16,true,false,0,0
4,104,584,3,3,0,176,true,true,15,0,1,1,true,false,0,0
4,105,585,0,0,0,,false,false,0,0,0,0,false,false,0,0
4,106,601,0,0,0,,true,true,22,33,18,18,true,false,0,0
4,107,604,1,1,0,16,true,true,12,13,7,7,true,false,0,0
4,108,605,20,20,0,32,false,false,0,0,0,0,false,false,0,0
4,109,607,0,0,0,,true,true,17,36,9,9,true,false,0,0
4,110,608,0,0,0,,true,true,6,15,9,9,true,false,0,0
4,111,609,0,0,0,,true,true,7,10,5,5,true,false,0,0
4,112,614,0,0,0,,true,true,8,1,1,1,true,false,0,0
4,113,615,2,2,0,288,true,true,14,16,1,1,true,false,0,0
4,114,617,4,4,0,16,false,false,0,0,0,0,false,false,0,0
4,115,618,0,0,0,,true,true,7,5,1,1,true,false,0,0
4,116,619,0,0,0,,false,false,0,0,0,0,false,false,0,0
4,117,634,0,0,0,,true,true,26,75,9,8,true,false,0,0
4,118,639,0,0,0,,true,true,1,0,1,1,true,false,0,0
4,119,642,1,1,0,80,true,true,1,0,1,1,true,false,0,0
4,120,657,0,0,0,,true,true,1,3,2,1,true,false,0,0
4,121,750,0,0,0,,true,true,19,43,5,5,true,false,0,0
4,122,758,2,2,0,64,true,true,2,1,1,1,true,false,0,0
4,123,775,0,0,0,,true,true,1,0,1,1,true,false,0,0
4,124,803,2,2,0,64,true,true,4,0,1,1,true,false,0,0
4,125,804,0,0,0,,true,true,1,0,1,1,true,false,0,0
4,126,805,2,2,0,48,false,false,0,0,0,0,false,false,0,0
4,127,806,0,0,0,,false,false,0,0,0,0,false,false,0,0
4,128,832,1,1,0,336,false,false,0,0,0,0,false,false,0,0
4,129,849,0,0,0,,false,false,0,0,0,0,false,false,0,0
4,130,1006,0,0,0,,true,true,2,0,1,1,true,false,0,0
4,131,1052,0,0,0,,true,true,43,5,2,2,true,false,0,0
4,132,1101,3,3,0,16,true,true,3,0,1,1,true,false,0,0
4,133,1102,3,3,0,16,true,true,3,0,1,1,true,false,0,0
4,134,1120,1,1,0,80,true,true,17,20,1,1,true,false,0,0
4,135,1134,1,1,0,128,true,true,2,1,2,2,true,false,0,0
4,136,1137,0,0,0,,true,true,1,5,2,2,true,false,0,0
4,137,1138,0,0,0,,true,true,1,5,216,216,true,false,0,0
4,138,1143,0,0,0,,true,true,9,3,1,1,true,false,0,0
4,139,1146,0,0,0,,true,true,4,4,2,2,true,false,0,0
4,140,1190,1,1,0,336,true,true,36,83,1,1,true,false,0,0
4,141,1192,0,0,0,,true,true,3,0,1,1,true,false,0,0
4,142,1204,0,0,0,,true,true,1,0,1,1,true,false,0,0
4,143,1251,0,0,0,,false,false,0,0,0,0,false,false,0,0
4,144,1289,0,0,0,,true,true,11,3,3,3,true,false,0,0
4,145,1290,0,0,0,,true,true,10,2,3,3,true,false,0,0
4,146,1343,1,1,0,96,false,false,0,0,0,0,false,false,0,0
4,147,1438,0,0,0,,true,true,2,1,1,1,true,false,0,0
4,148,1447,0,0,0,,true,true,2,1,1,1,true,false,0,0
4,149,1449,0,0,0,,true,true,3,0,1,1,true,false,0,0
4,150,1516,0,0,0,,true,true,1,0,1,1,true,false,0,0
4,151,1531,1,1,0,16,true,true,2,0,1,1,true,false,0,0
4,152,1532,1,1,0,16,true,true,2,0,1,1,true,false,0,0
4,153,1549,1,0,1,,false,false,0,0,0,0,false,false,0,0
4,154,1599,0,0,0,,true,true,4,0,1,1,true,false,0,0
4,155,1601,0,0,0,,true,true,5,1,1,1,true,false,0,0
4,156,1602,0,0,0,,true,true,3,1,1,1,true,false,0,0
4,157,1603,0,0,0,,true,true,5,1,1,1,true,false,0,0
4,158,1604,0,0,0,,true,true,4,1,1,1,true,false,0,0
4,159,1605,0,0,0,,true,true,8,1,1,1,true,false,0,0
4,160,1606,0,0,0,,true,true,5,1,1,1,true,false,0,0
4,161,1607,0,0,0,,true,true,6,1,1,1,true,false,0,0
4,162,1608,0,0,0,,true,true,5,1,1,1,true,false,0,0
4,163,1609,0,0,0,,true,true,3,1,1,1,true,false,0,0
4,164,1613,0,0,0,,true,true,5,1,1,1,true,false,0,0
4,165,1614,0,0,0,,true,true,4,1,1,1,true,false,0,0
4,166,1615,0,0,0,,true,true,1,1,1,1,true,false,0,0
4,167,1616,0,0,0,,true,true,2,1,1,1,true,false,0,0
4,168,1617,0,0,0,,true,true,9,1,1,1,true,false,0,0
4,169,1618,0,0,0,,true,true,5,1,1,1,true,false,0,0
4,170,1619,0,0,0,,true,true,9,1,1,1,true,false,0,0
4,171,1620,0,0,0,,true,true,5,1,1,1,true,false,0,0
4,172,1624,0,0,0,,true,true,9,1,1,1,true,false,0,0
4,173,1633,0,0,0,,true,true,3,2,2,2,true,false,0,0
4,174,1739,0,0,0,,true,true,4,1,1,1,true,false,0,0
4,175,1740,0,0,0,,true,true,6,1,1,1,true,false,0,0
4,176,1741,0,0,0,,true,true,6,1,1,1,true,false,0,0
4,177,1818,1,1,0,208,true,true,19,49,3,3,true,false,0,0
4,178,1834,12,0,12,,true,true,3,0,1,1,true,false,0,0
4,179,1835,0,0,0,,true,true,2,0,1,1,true,false,0,0
4,180,1836,0,0,0,,true,true,1,0,1,1,true,false,0,0
4,181,1871,0,0,0,,true,true,1,0,1,1,true,false,0,0
4,182,1872,0,0,0,,true,true,2,0,1,1,true,false,0,0
4,183,1900,0,0,0,,true,true,7,62,4,3,true,false,0,0
4,184,1939,0,0,0,,true,true,6,1,1,1,true,false,0,0
4,185,1940,0,0,0,,true,true,3,1,1,1,true,false,0,0
4,186,1941,0,0,0,,true,true,1,1,1,1,true,false,0,0
4,187,1942,0,0,0,,true,true,1,1,1,1,true,false,0,0
4,188,1944,0,0,0,,true,true,6,1,1,1,true,false,0,0
4,189,1945,0,0,0,,true,true,4,1,1,1,true,false,0,0
4,190,1946,0,0,0,,true,true,3,1,1,1,true,false,0,0
5,0,0,1,0,1,,true,true,63,111,134,0,true,true,256,100
5,1,1,0,0,0,,true,false,0,20,23,23,true,false,0,0
5,2,2,0,0,0,,true,false,0,20,23,23,true,false,0,0
5,3,1007,0,0,0,,true,true,1,0,1,1,true,false,0,0
5,4,10,0,0,0,,true,true,44,75,1,1,true,false,0,0
5,5,11,2,2,0,160,true,true,26,45,5,5,true,false,0,0
5,6,12,0,0,0,,true,true,22,92,10,0,false,false,0,0
5,7,13,251,251,0,112,true,true,1,1,2,1,true,false,0,0
5,8,14,0,0,0,,true,true,1,0,1,1,true,false,0,0
5,9,15,0,0,0,,true,true,2,0,1,1,true,false,0,0
5,10,16,0,0,0,,true,true,4,0,1,1,true,false,0,0
5,11,35,5,5,0,240,true,true,16,39,3,3,true,false,0,0
5,12,71,0,0,0,,false,false,0,0,0,0,false,false,0,0
5,13,74,0,0,0,,true,true,7,2,4,3,true,false,0,0
5,14,79,30,30,0,880,true,true,12,4,1,1,true,false,0,0
5,15,112,0,0,0,,true,true,3,0,1,1,true,false,0,0
5,16,121,0,0,0,,true,true,3,0,1,1,true,false,0,0
5,17,122,0,0,0,,true,true,1,0,1,1,true,false,0,0
5,18,133,20,20,0,256,true,true,17,78,1,1,true,false,0,0
5,19,149,0,0,0,,true,true,1,0,1,1,true,false,0,0
5,20,153,0,0,0,,true,true,1,0,1,1,true,false,0,0
5,21,157,0,0,0,,false,false,0,0,0,0,false,false,0,0
5,22,163,0,0,0,,false,false,0,0,0,0,false,false,0,0
5,23,166,0,0,0,,true,true,1,0,1,1,true,false,0,0
5,24,167,0,0,0,,false,false,0,0,0,0,false,false,0,0
5,25,168,0,0,0,,false,false,0,0,0,0,false,false,0,0
5,26,172,0,0,0,,true,true,3,4,1,1,true,false,0,0
5,27,173,0,0,0,,true,true,8,5,3,3,true,false,0,0
5,28,175,0,0,0,,false,false,0,0,0,0,false,false,0,0
5,29,176,0,0,0,,false,false,0,0,0,0,false,false,0,0
5,30,177,0,0,0,,false,false,0,0,0,0,false,false,0,0
5,31,179,0,0,0,,true,true,3,0,1,1,true,false,0,0
5,32,180,0,0,0,,false,false,0,0,0,0,false,false,0,0
5,33,185,0,0,0,,false,false,0,0,0,0,false,false,0,0
5,34,186,0,0,0,,true,true,14,38,11,8,true,false,0,0
5,35,188,0,0,0,,false,false,0,0,0,0,false,false,0,0
5,36,190,0,0,0,,false,false,0,0,0,0,false,false,0,0
5,37,192,0,0,0,,false,false,0,0,0,0,false,false,0,0
5,38,195,0,0,0,,true,true,10,5,3,3,true,false,0,0
5,39,203,0,0,0,,true,true,9,62,4,3,true,false,0,0
5,40,204,0,0,0,,true,true,2,0,1,1,true,false,0,0
5,41,208,0,0,0,,false,false,0,0,0,0,false,false,0,0
5,42,209,0,0,0,,true,true,6,9,8,8,true,false,0,0
5,43,213,0,0,0,,true,true,3,0,1,1,true,false,0,0
5,44,214,0,0,0,,true,true,3,0,1,1,true,false,0,0
5,45,222,0,0,0,,true,true,2,0,1,1,true,false,0,0
5,46,223,0,0,0,,true,true,2,0,1,1,true,false,0,0
5,47,225,0,0,0,,true,true,3,0,1,1,true,false,0,0
5,48,226,0,0,0,,true,true,3,0,1,1,true,false,0,0
5,49,229,0,0,0,,false,false,0,0,0,0,false,false,0,0
5,50,230,0,0,0,,true,true,2,0,1,1,true,false,0,0
5,51,258,3,3,0,128,false,false,0,0,0,0,false,false,0,0
5,52,270,0,0,0,,true,true,5,43,5,4,true,false,0,0
5,53,305,0,0,0,,false,false,0,0,0,0,false,false,0,0
5,54,341,3,3,0,48,true,true,13,9,4,4,true,false,0,0
5,55,348,0,0,0,,true,true,1,0,1,1,true,false,0,0
5,56,349,0,0,0,,true,true,1,0,1,1,true,false,0,0
5,57,354,0,0,0,,true,true,1,0,1,1,true,false,0,0
5,58,355,0,0,0,,true,true,1,0,1,1,true,false,0,0
5,59,356,0,0,0,,true,true,1,0,1,1,true,false,0,0
5,60,357,0,0,0,,true,true,1,0,1,1,true,false,0,0
5,61,358,0,0,0,,true,true,1,0,1,1,true,false,0,0
5,62,359,0,0,0,,true,true,1,0,1,1,true,false,0,0
5,63,363,0,0,0,,true,true,1,0,1,1,true,false,0,0
5,64,364,0,0,0,,true,true,1,0,1,1,true,false,0,0
5,65,407,0,0,0,,true,true,3,2,3,3,true,false,0,0
5,66,428,0,0,0,,true,true,1,0,1,1,true,false,0,0
5,67,433,0,0,0,,true,true,11,22,4,3,true,false,0,0
5,68,439,1,1,0,96,true,true,9,14,7,7,true,false,0,0
5,69,454,0,0,0,,false,false,0,0,0,0,false,false,0,0
5,70,457,0,0,0,,true,true,3,2,1,1,true,false,0,0
5,71,479,0,0,0,,true,true,5,10,1,1,true,false,0,0
5,72,483,0,0,0,,false,false,0,0,0,0,false,false,0,0
5,73,500,346,346,0,256,true,true,2,0,1,1,true,false,0,0
5,74,501,23,23,0,256,true,true,4,0,1,1,true,false,0,0
5,75,502,10,10,0,256,true,true,5,0,1,1,true,false,0,0
5,76,505,215,215,0,256,true,true,6,0,1,1,true,false,0,0
5,77,511,21,21,0,256,true,true,2,0,1,1,true,false,0,0
5,78,562,0,0,0,,false,false,0,0,0,0,false,false,0,0
5,79,572,13,13,0,688,true,true,18,77,4,4,true,false,0,0
5,80,585,0,0,0,,false,false,0,0,0,0,false,false,0,0
5,81,601,0,0,0,,true,true,22,33,18,18,true,false,0,0
5,82,604,1,1,0,16,true,true,12,13,7,7,true,false,0,0
5,83,605,19,19,0,32,false,false,0,0,0,0,false,false,0,0
5,84,607,0,0,0,,true,true,17,36,9,9,true,false,0,0
5,85,608,0,0,0,,true,true,6,15,9,9,true,false,0,0
5,86,609,0,0,0,,true,true,7,10,5,5,true,false,0,0
5,87,614,0,0,0,,true,true,8,1,1,1,true,false,0,0
5,88,618,0,0,0,,true,true,7,5,1,1,true,false,0,0
5,89,619,0,0,0,,false,false,0,0,0,0,false,false,0,0
5,90,623,56,56,0,736,true,true,36,68,8,8,true,false,0,0
5,91,625,4,4,0,544,true,true,21,14,1,1,true,false,0,0
5,92,634,0,0,0,,true,true,26,75,9,8,true,false,0,0
5,93,639,0,0,0,,true,true,1,0,1,1,true,false,0,0
5,94,657,0,0,0,,true,true,1,3,2,1,true,false,0,0
5,95,679,1,1,0,128,false,false,0,0,0,0,false,false,0,0
5,96,717,4,4,0,640,true,true,33,98,6,6,true,false,0,0
5,97,750,0,0,0,,true,true,19,43,5,5,true,false,0,0
5,98,758,1,1,0,64,true,true,2,1,1,1,true,false,0,0
5,99,775,0,0,0,,true,true,1,0,1,1,true,false,0,0
5,100,803,2,2,0,64,true,true,4,0,1,1,true,false,0,0
5,101,804,0,0,0,,true,true,1,0,1,1,true,false,0,0
5,102,805,6,6,0,48,false,false,0,0,0,0,false,false,0,0
5,103,806,0,0,0,,false,false,0,0,0,0,false,false,0,0
5,104,810,4,4,0,192,true,true,29,0,1,1,true,false,0,0
5,105,812,25,25,0,160,true,true,11,0,1,1,true,false,0,0
5,106,823,4,4,0,320,true,true,4,2,1,1,true,false,0,0
5,107,830,25,25,0,16,true,true,7,0,1,1,true,false,0,0
5,108,831,52,52,0,48,true,true,1,0,1,1,true,false,0,0
5,109,832,1,1,0,336,false,false,0,0,0,0,false,false,0,0
5,110,838,26,26,0,16,true,true,2,0,1,1,true,false,0,0
5,111,841,1,1,0,64,false,false,0,0,0,0,false,false,0,0
5,112,842,1,0,1,,true,true,6,0,1,1,true,false,0,0
5,113,843,16,16,0,32,true,true,8,0,1,1,true,false,0,0
5,114,844,3,3,0,224,true,true,12,0,1,1,true,false,0,0
5,115,846,3,0,3,,true,true,7,0,1,1,true,false,0,0
5,116,849,0,0,0,,false,false,0,0,0,0,false,false,0,0
5,117,852,14,14,0,80,true,true,7,0,1,1,true,false,0,0
5,118,853,7,7,0,80,true,true,10,0,1,1,true,false,0,0
5,119,855,7,7,0,80,true,true,4,0,1,1,true,false,0,0
5,120,865,29,29,0,688,true,true,17,75,6,6,true,false,0,0
5,121,866,66,66,0,688,true,true,17,78,7,7,true,false,0,0
5,122,872,0,0,0,,true,true,12,30,1,1,true,false,0,0
5,123,873,0,0,0,,true,true,12,30,1,1,true,false,0,0
5,124,877,6,6,0,144,true,true,11,0,1,1,true,false,0,0
5,125,879,1,1,0,32,false,false,0,0,0,0,false,false,0,0
5,126,893,4,4,0,112,true,true,8,2,1,1,true,false,0,0
5,127,895,4,4,0,80,true,true,8,0,1,1,true,false,0,0
5,128,904,0,0,0,,true,true,1,0,1,1,true,false,0,0
5,129,918,1,1,0,640,true,true,28,91,3,3,true,false,0,0
5,130,919,1,1,0,384,true,true,30,92,3,3,true,false,0,0
5,131,920,1,1,0,304,true,true,29,92,1,1,true,false,0,0
5,132,925,1,1,0,384,true,true,39,95,2,2,true,false,0,0
5,133,980,0,0,0,,true,true,4,0,1,1,true,false,0,0
5,134,981,0,0,0,,true,true,2,0,1,1,true,false,0,0
5,135,982,1,1,0,32,true,true,1,0,1,1,true,false,0,0
5,136,984,1,1,0,16,true,true,20,10,1,1,true,false,0,0
5,137,993,0,0,0,,true,true,21,1,1,1,true,false,0,0
5,138,998,5,5,0,224,true,true,28,1,1,1,true,false,0,0
5,139,1002,0,0,0,,true,true,10,8,1,1,true,false,0,0
5,140,1006,0,0,0,,true,true,2,0,1,1,true,false,0,0
5,141,1060,25,25,0,16,true,true,1,0,1,1,true,false,0,0
5,142,1099,1,0,1,,true,true,45,2,1,1,true,false,0,0
5,143,1134,2,2,0,128,true,true,2,1,2,2,true,false,0,0
5,144,1137,0,0,0,,true,true,1,5,2,2,true,false,0,0
5,145,1138,0,0,0,,true,true,1,5,216,216,true,false,0,0
5,146,1139,7,7,0,16,true,true,1,0,1,1,true,false,0,0
5,147,1140,15,15,0,16,true,true,2,0,1,1,true,false,0,0
5,148,1143,0,0,0,,true,true,9,3,1,1,true,false,0,0
5,149,1146,0,0,0,,true,true,4,4,2,2,true,false,0,0
5,150,1192,0,0,0,,true,true,3,0,1,1,true,false,0,0
5,151,1204,0,0,0,,true,true,1,0,1,1,true,false,0,0
5,152,1245,0,0,0,,true,true,2,2,1,1,true,false,0,0
5,153,1251,0,0,0,,false,false,0,0,0,0,false,false,0,0
5,154,1289,0,0,0,,true,true,11,3,3,3,true,false,0,0
5,155,1290,0,0,0,,true,true,10,2,3,3,true,false,0,0
5,156,1347,1,1,0,160,false,false,0,0,0,0,false,false,0,0
5,157,1438,0,0,0,,true,true,2,1,1,1,true,false,0,0
5,158,1447,0,0,0,,true,true,2,1,1,1,true,false,0,0
5,159,1449,0,0,0,,true,true,3,0,1,1,true,false,0,0
5,160,1511,26,26,0,128,true,true,7,0,1,1,true,false,0,0
5,161,1514,0,0,0,,true,true,2,0,1,1,true,false,0,0
5,162,1517,0,0,0,,true,true,2,0,1,1,true,false,0,0
5,163,1518,0,0,0,,true,true,3,0,1,1,true,false,0,0
5,164,1550,1,0,1,,false,false,0,0,0,0,false,false,0,0
5,165,1633,0,0,0,,true,true,3,2,2,2,true,false,0,0
5,166,1754,0,0,0,,true,true,3,1,1,1,true,false,0,0
5,167,1755,0,0,0,,true,true,5,1,1,1,true,false,0,0
5,168,1756,0,0,0,,true,true,5,0,1,1,true,false,0,0
5,169,1757,0,0,0,,true,true,1,1,1,1,true,false,0,0
5,170,1759,0,0,0,,true,true,1,1,1,1,true,false,0,0
5,171,1760,0,0,0,,true,true,1,1,1,1,true,false,0,0
5,172,1790,0,0,0,,true,true,2,1,1,1,true,false,0,0
5,173,1791,0,0,0,,true,true,2,1,1,1,true,false,0,0
5,174,1818,1,1,0,208,true,true,19,49,3,3,true,false,0,0
5,175,1838,0,0,0,,true,true,3,0,1,1,true,false,0,0
5,176,1840,4,0,4,,true,true,7,0,1,1,true,false,0,0
5,177,1871,0,0,0,,true,true,1,0,1,1,true,false,0,0
5,178,1872,0,0,0,,true,true,2,0,1,1,true,false,0,0
5,179,1900,0,0,0,,true,true,7,62,4,3,true,false,0,0
6,0,0,1,0,1,,true,true,63,111,134,0,true,true,256,89
6,1,1,0,0,0,,true,false,0,20,23,23,true,false,0,0
6,2,2,0,0,0,,true,false,0,20,23,23,true,false,0,0
6,3,1007,0,0,0,,true,true,1,0,1,1,true,false,0,0
6,4,10,0,0,0,,true,true,44,75,1,1,true,false,0,0
6,5,11,2,2,0,160,true,true,26,45,5,5,true,false,0,0
6,6,12,0,0,0,,true,true,22,92,10,0,false,false,0,0
6,7,13,59,59,0,112,true,true,1,1,2,1,true,false,0,0
6,8,14,0,0,0,,true,true,1,0,1,1,true,false,0,0
6,9,15,0,0,0,,true,true,2,0,1,1,true,false,0,0
6,10,16,0,0,0,,true,true,4,0,1,1,true,false,0,0
6,11,55,2,2,0,32,true,true,6,0,1,1,true,false,0,0
6,12,68,0,0,0,,true,true,17,20,1,1,true,false,0,0
6,13,71,0,0,0,,false,false,0,0,0,0,false,false,0,0
6,14,74,0,0,0,,true,true,7,2,4,3,true,false,0,0
6,15,87,1,0,1,,true,true,44,73,19,19,true,false,0,0
6,16,112,0,0,0,,true,true,3,0,1,1,true,false,0,0
6,17,121,0,0,0,,true,true,3,0,1,1,true,false,0,0
6,18,122,0,0,0,,true,true,1,0,1,1,true,false,0,0
6,19,149,0,0,0,,true,true,1,0,1,1,true,false,0,0
6,20,150,0,0,0,,true,true,1,0,1,1,true,false,0,0
6,21,151,0,0,0,,true,true,1,0,1,1,true,false,0,0
6,22,153,0,0,0,,true,true,1,0,1,1,true,false,0,0
6,23,156,0,0,0,,true,true,1,0,1,1,true,false,0,0
6,24,157,0,0,0,,false,false,0,0,0,0,false,false,0,0
6,25,163,0,0,0,,false,false,0,0,0,0,false,false,0,0
6,26,166,0,0,0,,true,true,1,0,1,1,true,false,0,0
6,27,167,0,0,0,,false,false,0,0,0,0,false,false,0,0
6,28,168,0,0,0,,false,false,0,0,0,0,false,false,0,0
6,29,172,0,0,0,,true,true,3,4,1,1,true,false,0,0
6,30,173,0,0,0,,true,true,8,5,3,3,true,false,0,0
6,31,175,0,0,0,,false,false,0,0,0,0,false,false,0,0
6,32,176,0,0,0,,false,false,0,0,0,0,false,false,0,0
6,33,177,0,0,0,,false,false,0,0,0,0,false,false,0,0
6,34,179,0,0,0,,true,true,3,0,1,1,true,false,0,0
6,35,180,0,0,0,,false,false,0,0,0,0,false,false,0,0
6,36,185,0,0,0,,false,false,0,0,0,0,false,false,0,0
6,37,186,0,0,0,,true,true,14,38,11,8,true,false,0,0
6,38,188,0,0,0,,false,false,0,0,0,0,false,false,0,0
6,39,190,0,0,0,,false,false,0,0,0,0,false,false,0,0
6,40,192,0,0,0,,false,false,0,0,0,0,false,false,0,0
6,41,195,0,0,0,,true,true,10,5,3,3,true,false,0,0
6,42,203,0,0,0,,true,true,9,62,4,3,true,false,0,0
6,43,204,0,0,0,,true,true,2,0,1,1,true,false,0,0
6,44,208,0,0,0,,false,false,0,0,0,0,false,false,0,0
6,45,209,0,0,0,,true,true,6,9,8,8,true,false,0,0
6,46,213,0,0,0,,true,true,3,0,1,1,true,false,0,0
6,47,214,0,0,0,,true,true,3,0,1,1,true,false,0,0
6,48,222,0,0,0,,true,true,2,0,1,1,true,false,0,0
6,49,223,0,0,0,,true,true,2,0,1,1,true,false,0,0
6,50,225,0,0,0,,true,true,3,0,1,1,true,false,0,0
6,51,226,0,0,0,,true,true,3,0,1,1,true,false,0,0
6,52,229,0,0,0,,false,false,0,0,0,0,false,false,0,0
6,53,230,0,0,0,,true,true,2,0,1,1,true,false,0,0
6,54,270,0,0,0,,true,true,5,43,5,4,true,false,0,0
6,55,302,0,0,0,,true,true,8,0,1,1,true,false,0,0
6,56,303,0,0,0,,true,true,2,0,1,1,true,false,0,0
6,57,305,0,0,0,,false,false,0,0,0,0,false,false,0,0
6,58,348,0,0,0,,true,true,1,0,1,1,true,false,0,0
6,59,349,0,0,0,,true,true,1,0,1,1,true,false,0,0
6,60,354,0,0,0,,true,true,1,0,1,1,true,false,0,0
6,61,355,0,0,0,,true,true,1,0,1,1,true,false,0,0
6,62,356,0,0,0,,true,true,1,0,1,1,true,false,0,0
6,63,357,0,0,0,,true,true,1,0,1,1,true,false,0,0
6,64,358,0,0,0,,true,true,1,0,1,1,true,false,0,0
6,65,359,0,0,0,,true,true,1,0,1,1,true,false,0,0
6,66,363,0,0,0,,true,true,1,0,1,1,true,false,0,0
6,67,364,0,0,0,,true,true,1,0,1,1,true,false,0,0
6,68,367,8,8,0,112,true,true,5,0,1,1,true,false,0,0
6,69,407,0,0,0,,true,true,3,2,3,3,true,false,0,0
6,70,428,0,0,0,,true,true,1,0,1,1,true,false,0,0
6,71,433,0,0,0,,true,true,11,22,4,3,true,false,0,0
6,72,454,0,0,0,,false,false,0,0,0,0,false,false,0,0
6,73,457,0,0,0,,true,true,3,2,1,1,true,false,0,0
6,74,479,0,0,0,,true,true,5,10,1,1,true,false,0,0
6,75,483,0,0,0,,false,false,0,0,0,0,false,false,0,0
6,76,500,186,186,0,256,true,true,2,0,1,1,true,false,0,0
6,77,501,16,16,0,256,true,true,4,0,1,1,true,false,0,0
6,78,502,39,39,0,256,true,true,5,0,1,1,true,false,0,0
6,79,505,6,6,0,256,true,true,6,0,1,1,true,false,0,0
6,80,511,30,30,0,256,true,true,2,0,1,1,true,false,0,0
6,81,562,0,0,0,,false,false,0,0,0,0,false,false,0,0
6,82,585,0,0,0,,false,false,0,0,0,0,false,false,0,0
6,83,601,0,0,0,,true,true,22,33,18,18,true,false,0,0
6,84,604,1,1,0,16,true,true,12,13,7,7,true,false,0,0
6,85,605,20,20,0,32,false,false,0,0,0,0,false,false,0,0
6,86,607,0,0,0,,true,true,17,36,9,9,true,false,0,0
6,87,608,0,0,0,,true,true,6,15,9,9,true,false,0,0
6,88,609,0,0,0,,true,true,7,10,5,5,true,false,0,0
6,89,614,0,0,0,,true,true,8,1,1,1,true,false,0,0
6,90,615,2,2,0,288,true,true,14,16,1,1,true,false,0,0
6,91,618,0,0,0,,true,true,7,5,1,1,true,false,0,0
6,92,619,0,0,0,,false,false,0,0,0,0,false,false,0,0
6,93,634,0,0,0,,true,true,26,75,9,8,true,false,0,0
6,94,639,0,0,0,,true,true,1,0,1,1,true,false,0,0
6,95,657,0,0,0,,true,true,1,3,2,1,true,false,0,0
6,96,750,2,2,0,208,true,true,19,43,5,5,true,false,0,0
6,97,775,0,0,0,,true,true,1,0,1,1,true,false,0,0
6,98,803,1,1,0,64,true,true,4,0,1,1,true,false,0,0
6,99,804,0,0,0,,true,true,1,0,1,1,true,false,0,0
6,100,805,5,5,0,48,false,false,0,0,0,0,false,false,0,0
6,101,806,0,0,0,,false,false,0,0,0,0,false,false,0,0
6,102,827,169,169,0,656,true,true,9,56,7,7,true,false,0,0
6,103,832,1,1,0,336,false,false,0,0,0,0,false,false,0,0
6,104,849,0,0,0,,false,false,0,0,0,0,false,false,0,0
6,105,857,4,4,0,912,true,true,18,42,6,6,true,false,0,0
6,106,911,14,14,0,160,true,true,10,0,1,1,true,false,0,0
6,107,1006,0,0,0,,true,true,2,0,1,1,true,false,0,0
6,108,1016,1,1,0,80,true,true,13,11,1,1,true,false,0,0
6,109,1021,11,11,0,144,true,true,3,0,1,1,true,false,0,0
6,110,1028,1,1,0,592,true,true,17,0,1,1,true,false,0,0
6,111,1029,0,0,0,,true,true,3,0,1,1,true,false,0,0
6,112,1030,0,0,0,,true,true,6,0,1,1,true,false,0,0
6,113,1035,5,5,0,32,true,true,8,0,1,1,true,false,0,0
6,114,1038,11,11,0,80,true,true,27,0,1,1,true,false,0,0
6,115,1039,1,1,0,256,false,false,0,0,0,0,false,false,0,0
6,116,1040,0,0,0,,true,true,6,0,1,1,true,false,0,0
6,117,1048,27,27,0,544,true,true,25,31,11,11,true,false,0,0
6,118,1051,1,1,0,432,true,true,27,31,11,11,true,false,0,0
6,119,1054,9,9,0,80,true,true,4,0,1,1,true,false,0,0
6,120,1055,0,0,0,,true,true,4,0,1,1,true,false,0,0
6,121,1061,1,1,0,192,true,true,12,0,1,1,true,false,0,0
6,122,1062,1,1,0,80,false,false,0,0,0,0,false,false,0,0
6,123,1066,6,6,0,32,true,true,12,2,3,3,true,false,0,0
6,124,1068,10,10,0,1120,true,true,36,73,11,11,true,false,0,0
6,125,1083,2,2,0,48,true,true,9,0,1,1,true,false,0,0
6,126,1084,0,0,0,,true,true,4,0,1,1,true,false,0,0
6,127,1085,0,0,0,,true,true,1,0,1,1,true,false,0,0
6,128,1086,0,0,0,,true,true,1,0,1,1,true,false,0,0
6,129,1087,0,0,0,,true,true,1,0,1,1,true,false,0,0
6,130,1088,0,0,0,,true,true,1,0,1,1,true,false,0,0
6,131,1089,0,0,0,,true,true,1,0,1,1,true,false,0,0
6,132,1091,1,1,0,32,true,true,21,0,1,1,true,false,0,0
6,133,1092,1,1,0,32,true,true,8,0,1,1,true,false,0,0
6,134,1093,4,4,0,32,true,true,4,0,1,1,true,false,0,0
6,135,1094,4,4,0,32,true,true,3,0,1,1,true,false,0,0
6,136,1095,3,3,0,32,true,true,9,0,1,1,true,false,0,0
6,137,1096,3,3,0,32,true,true,30,0,1,1,true,false,0,0
6,138,1097,1,1,0,32,true,true,12,0,1,1,true,false,0,0
6,139,1098,3,3,0,32,true,true,9,0,1,1,true,false,0,0
6,140,1103,1,1,0,32,true,true,8,0,1,1,true,false,0,0
6,141,1105,1,1,0,384,true,true,25,65,2,2,true,false,0,0
6,142,1108,1,1,0,256,false,false,0,0,0,0,false,false,0,0
6,143,1109,1,1,0,288,true,true,50,7,4,4,true,false,0,0
6,144,1118,1,1,0,112,true,true,2,0,1,1,true,false,0,0
6,145,1123,4,4,0,3872,true,true,9,0,1,1,true,false,0,0
6,146,1125,2,0,2,,true,true,1,0,1,1,true,false,0,0
6,147,1134,2,2,0,128,true,true,2,1,2,2,true,false,0,0
6,148,1137,0,0,0,,true,true,1,5,2,2,true,false,0,0
6,149,1138,0,0,0,,true,true,1,5,216,216,true,false,0,0
6,150,1143,0,0,0,,true,true,9,3,1,1,true,false,0,0
6,151,1145,2,0,2,,true,true,2,0,1,1,true,false,0,0
6,152,1146,0,0,0,,true,true,4,4,2,2,true,false,0,0
6,153,1192,0,0,0,,true,true,3,0,1,1,true,false,0,0
6,154,1204,0,0,0,,true,true,1,0,1,1,true,false,0,0
6,155,1251,0,0,0,,false,false,0,0,0,0,false,false,0,0
6,156,1289,0,0,0,,true,true,11,3,3,3,true,false,0,0
6,157,1290,0,0,0,,true,true,10,2,3,3,true,false,0,0
6,158,1302,1,1,0,80,true,true,6,0,1,1,true,false,0,0
6,159,1318,0,0,0,,true,true,3,1,1,1,true,false,0,0
6,160,1348,1,1,0,176,false,false,0,0,0,0,false,false,0,0
6,161,1386,0,0,0,,true,true,13,11,1,1,true,false,0,0
6,162,1438,0,0,0,,true,true,2,1,1,1,true,false,0,0
6,163,1447,0,0,0,,true,true,2,1,1,1,true,false,0,0
6,164,1449,0,0,0,,true,true,3,0,1,1,true,false,0,0
6,165,1504,4,4,0,144,false,false,0,0,0,0,false,false,0,0
6,166,1512,26,26,0,64,false,false,0,0,0,0,false,false,0,0
6,167,1551,1,0,1,,false,false,0,0,0,0,false,false,0,0
6,168,1633,0,0,0,,true,true,3,2,2,2,true,false,0,0
6,169,1655,10,0,10,,true,true,14,0,1,1,true,false,0,0
6,170,1656,0,0,0,,true,true,7,0,1,1,true,false,0,0
6,171,1657,0,0,0,,true,true,2,0,1,1,true,false,0,0
6,172,1658,0,0,0,,true,true,3,0,1,1,true,false,0,0
6,173,1659,0,0,0,,true,true,2,0,1,1,true,false,0,0
6,174,1660,6,0,6,,true,true,1,0,1,1,true,false,0,0
6,175,1661,0,0,0,,true,true,1,0,1,1,true,false,0,0
6,176,1662,0,0,0,,true,true,1,0,1,1,true,false,0,0
6,177,1664,20,0,20,,true,true,4,0,1,1,true,false,0,0
6,178,1665,0,0,0,,true,true,3,0,1,1,true,false,0,0
6,179,1666,0,0,0,,true,true,1,0,1,1,true,false,0,0
6,180,1672,5,0,5,,true,true,26,0,1,1,true,false,0,0
6,181,1673,0,0,0,,true,true,10,0,1,1,true,false,0,0
6,182,1674,0,0,0,,true,true,3,0,1,1,true,false,0,0
6,183,1675,0,0,0,,true,true,2,0,1,1,true,false,0,0
6,184,1676,0,0,0,,true,true,5,0,1,1,true,false,0,0
6,185,1695,0,0,0,,true,true,2,1,1,1,true,false,0,0
6,186,1696,0,0,0,,true,true,2,1,1,1,true,false,0,0
6,187,1697,0,0,0,,true,true,2,1,1,1,true,false,0,0
6,188,1698,0,0,0,,true,true,2,1,1,1,true,false,0,0
6,189,1699,0,0,0,,true,true,1,0,1,1,true,false,0,0
6,190,1700,0,0,0,,true,true,2,1,1,1,true,false,0,0
6,191,1701,0,0,0,,true,true,1,1,1,1,true,false,0,0
6,192,1702,0,0,0,,true,true,2,1,1,1,true,false,0,0
6,193,1703,0,0,0,,true,true,5,1,1,1,true,false,0,0
6,194,1704,0,0,0,,true,true,5,1,1,1,true,false,0,0
6,195,1818,1,1,0,208,true,true,19,49,3,3,true,false,0,0
6,196,1871,0,0,0,,true,true,1,0,1,1,true,false,0,0
6,197,1872,0,0,0,,true,true,2,0,1,1,true,false,0,0
6,198,1898,0,0,0,,false,false,0,0,0,0,false,false,0,0
6,199,1900,0,0,0,,true,true,7,62,4,3,true,false,0,0
7,0,0,1,0,1,,true,true,63,111,134,0,true,true,256,98
7,1,1,0,0,0,,true,false,0,20,23,23,true,false,0,0
7,2,2,0,0,0,,true,false,0,20,23,23,true,false,0,0
7,3,38,1,1,0,208,true,true,11,1,1,1,true,false,0,0
7,4,1007,0,0,0,,true,true,1,0,1,1,true,false,0,0
7,5,1474,1,1,0,208,true,true,11,1,1,1,true,false,0,0
7,6,10,0,0,0,,true,true,44,75,1,1,true,false,0,0
7,7,11,1,1,0,160,true,true,26,45,5,5,true,false,0,0
7,8,12,0,0,0,,true,true,22,92,10,0,false,false,0,0
7,9,13,9,9,0,112,true,true,1,1,2,1,true,false,0,0
7,10,14,0,0,0,,true,true,1,0,1,1,true,false,0,0
7,11,15,0,0,0,,true,true,2,0,1,1,true,false,0,0
7,12,16,0,0,0,,true,true,4,0,1,1,true,false,0,0
7,13,71,0,0,0,,false,false,0,0,0,0,false,false,0,0
7,14,72,0,0,0,,true,true,3,7,1,1,true,false,0,0
7,15,74,0,0,0,,true,true,7,2,4,3,true,false,0,0
7,16,102,0,0,0,,true,true,3,1,1,1,true,false,0,0
7,17,103,0,0,0,,true,true,2,2,1,1,true,false,0,0
7,18,112,0,0,0,,true,true,3,0,1,1,true,false,0,0
7,19,121,0,0,0,,true,true,3,0,1,1,true,false,0,0
7,20,122,0,0,0,,true,true,1,0,1,1,true,false,0,0
7,21,149,0,0,0,,true,true,1,0,1,1,true,false,0,0
7,22,153,0,0,0,,true,true,1,0,1,1,true,false,0,0
7,23,157,0,0,0,,false,false,0,0,0,0,false,false,0,0
7,24,163,0,0,0,,false,false,0,0,0,0,false,false,0,0
7,25,166,0,0,0,,true,true,1,0,1,1,true,false,0,0
7,26,167,0,0,0,,false,false,0,0,0,0,false,false,0,0
7,27,168,0,0,0,,false,false,0,0,0,0,false,false,0,0
7,28,172,0,0,0,,true,true,3,4,1,1,true,false,0,0
7,29,173,0,0,0,,true,true,8,5,3,3,true,false,0,0
7,30,175,0,0,0,,false,false,0,0,0,0,false,false,0,0
7,31,176,0,0,0,,false,false,0,0,0,0,false,false,0,0
7,32,177,0,0,0,,false,false,0,0,0,0,false,false,0,0
7,33,179,0,0,0,,true,true,3,0,1,1,true,false,0,0
7,34,180,0,0,0,,false,false,0,0,0,0,false,false,0,0
7,35,185,0,0,0,,false,false,0,0,0,0,false,false,0,0
7,36,186,0,0,0,,true,true,14,38,11,8,true,false,0,0
7,37,187,3,0,3,,true,true,15,0,1,1,true,false,0,0
7,38,188,0,0,0,,false,false,0,0,0,0,false,false,0,0
7,39,190,0,0,0,,false,false,0,0,0,0,false,false,0,0
7,40,192,0,0,0,,false,false,0,0,0,0,false,false,0,0
7,41,195,0,0,0,,true,true,10,5,3,3,true,false,0,0
7,42,203,0,0,0,,true,true,9,62,4,3,true,false,0,0
7,43,204,0,0,0,,true,true,2,0,1,1,true,false,0,0
7,44,208,0,0,0,,false,false,0,0,0,0,false,false,0,0
7,45,209,0,0,0,,true,true,6,9,8,8,true,false,0,0
7,46,213,0,0,0,,true,true,3,0,1,1,true,false,0,0
7,47,214,0,0,0,,true,true,3,0,1,1,true,false,0,0
7,48,222,0,0,0,,true,true,2,0,1,1,true,false,0,0
7,49,223,0,0,0,,true,true,2,0,1,1,true,false,0,0
7,50,225,0,0,0,,true,true,3,0,1,1,true,false,0,0
7,51,226,0,0,0,,true,true,3,0,1,1,true,false,0,0
7,52,229,0,0,0,,false,false,0,0,0,0,false,false,0,0
7,53,230,0,0,0,,true,true,2,0,1,1,true,false,0,0
7,54,258,6,6,0,128,false,false,0,0,0,0,false,false,0,0
7,55,270,0,0,0,,true,true,5,43,5,4,true,false,0,0
7,56,305,0,0,0,,false,false,0,0,0,0,false,false,0,0
7,57,315,0,0,0,,true,true,4,0,1,1,true,false,0,0
7,58,341,5,5,0,48,true,true,13,9,4,4,true,false,0,0
7,59,348,0,0,0,,true,true,1,0,1,1,true,false,0,0
7,60,349,0,0,0,,true,true,1,0,1,1,true,false,0,0
7,61,354,0,0,0,,true,true,1,0,1,1,true,false,0,0
7,62,355,0,0,0,,true,true,1,0,1,1,true,false,0,0
7,63,356,0,0,0,,true,true,1,0,1,1,true,false,0,0
7,64,357,0,0,0,,true,true,1,0,1,1,true,false,0,0
7,65,358,0,0,0,,true,true,1,0,1,1,true,false,0,0
7,66,359,0,0,0,,true,true,1,0,1,1,true,false,0,0
7,67,363,0,0,0,,true,true,1,0,1,1,true,false,0,0
7,68,364,0,0,0,,true,true,1,0,1,1,true,false,0,0
7,69,407,0,0,0,,true,true,3,2,3,3,true,false,0,0
7,70,428,0,0,0,,true,true,1,0,1,1,true,false,0,0
7,71,433,0,0,0,,true,true,11,22,4,3,true,false,0,0
7,72,436,1,1,0,32,false,false,0,0,0,0,false,false,0,0
7,73,446,0,0,0,,true,true,10,16,1,1,true,false,0,0
7,74,447,1,1,0,304,true,true,29,92,2,2,true,false,0,0
7,75,454,0,0,0,,false,false,0,0,0,0,false,false,0,0
7,76,457,0,0,0,,true,true,3,2,1,1,true,false,0,0
7,77,460,1,0,1,,false,false,0,0,0,0,false,false,0,0
7,78,479,0,0,0,,true,true,5,10,1,1,true,false,0,0
7,79,483,0,0,0,,false,false,0,0,0,0,false,false,0,0
7,80,500,254,254,0,256,true,true,2,0,1,1,true,false,0,0
7,81,501,10,10,0,256,true,true,4,0,1,1,true,false,0,0
7,82,502,14,14,0,256,true,true,5,0,1,1,true,false,0,0
7,83,505,25,25,0,256,true,true,6,0,1,1,true,false,0,0
7,84,511,26,26,0,256,true,true,2,0,1,1,true,false,0,0
7,85,529,3,3,0,16,true,true,47,38,3,3,true,false,0,0
7,86,532,0,0,0,,true,true,47,28,3,3,true,false,0,0
7,87,562,0,0,0,,false,false,0,0,0,0,false,false,0,0
7,88,585,0,0,0,,false,false,0,0,0,0,false,false,0,0
7,89,601,0,0,0,,true,true,22,33,18,18,true,false,0,0
7,90,605,20,20,0,32,false,false,0,0,0,0,false,false,0,0
7,91,607,0,0,0,,true,true,17,36,9,9,true,false,0,0
7,92,608,0,0,0,,true,true,6,15,9,9,true,false,0,0
7,93,609,0,0,0,,true,true,7,10,5,5,true,false,0,0
7,94,614,0,0,0,,true,true,8,1,1,1,true,false,0,0
7,95,618,0,0,0,,true,true,7,5,1,1,true,false,0,0
7,96,619,0,0,0,,false,false,0,0,0,0,false,false,0,0
7,97,631,0,0,0,,true,true,25,9,1,1,true,false,0,0
7,98,634,0,0,0,,true,true,26,75,9,8,true,false,0,0
7,99,639,0,0,0,,true,true,1,0,1,1,true,false,0,0
7,100,657,0,0,0,,true,true,1,3,2,1,true,false,0,0
7,101,696,0,0,0,,true,true,1,0,1,1,true,false,0,0
7,102,697,0,0,0,,true,true,2,0,1,1,true,false,0,0
7,103,698,0,0,0,,true,true,1,0,1,1,true,false,0,0
7,104,737,4,4,0,64,false,false,0,0,0,0,false,false,0,0
7,105,750,1,1,0,208,true,true,19,43,5,5,true,false,0,0
7,106,758,4,4,0,64,true,true,2,1,1,1,true,false,0,0
7,107,770,0,0,0,,true,true,17,36,1,1,true,false,0,0
7,108,775,0,0,0,,true,true,1,0,1,1,true,false,0,0
7,109,803,4,4,0,64,true,true,4,0,1,1,true,false,0,0
7,110,804,0,0,0,,true,true,1,0,1,1,true,false,0,0
7,111,805,4,4,0,48,false,false,0,0,0,0,false,false,0,0
7,112,806,0,0,0,,false,false,0,0,0,0,false,false,0,0
7,113,823,4,4,0,320,true,true,4,2,1,1,true,false,0,0
7,114,832,1,1,0,336,false,false,0,0,0,0,false,false,0,0
7,115,848,0,0,0,,false,false,0,0,0,0,false,false,0,0
7,116,849,0,0,0,,false,false,0,0,0,0,false,false,0,0
7,117,871,4,4,0,160,true,true,2,0,1,1,true,false,0,0
7,118,878,12,0,12,,true,true,2,0,1,1,true,false,0,0
7,119,880,0,0,0,,true,true,3,2,2,2,true,false,0,0
7,120,882,0,0,0,,true,true,1,0,1,1,true,false,0,0
7,121,886,21,21,0,32,true,true,2,0,1,1,true,false,0,0
7,122,902,16,16,0,32,true,true,1,0,1,1,true,false,0,0
7,123,920,0,0,0,,true,true,29,92,1,1,true,false,0,0
7,124,941,1,1,0,32,true,true,1,0,1,1,true,false,0,0
7,125,943,1,1,0,32,true,true,1,0,1,1,true,false,0,0
7,126,944,1,1,0,32,true,true,1,0,1,1,true,false,0,0
7,127,948,1,1,0,32,true,true,1,0,1,1,true,false,0,0
7,128,949,1,1,0,32,true,true,1,0,1,1,true,false,0,0
7,129,950,1,1,0,32,true,true,1,0,1,1,true,false,0,0
7,130,951,2,2,0,32,true,true,1,0,1,1,true,false,0,0
7,131,952,1,1,0,32,true,true,1,0,1,1,true,false,0,0
7,132,953,1,1,0,32,true,true,1,0,1,1,true,false,0,0
7,133,954,1,1,0,32,true,true,1,0,1,1,true,false,0,0
7,134,955,1,1,0,32,true,true,1,0,1,1,true,false,0,0
7,135,958,1,1,0,32,true,true,1,0,1,1,true,false,0,0
7,136,961,1,1,0,32,true,true,1,0,1,1,true,false,0,0
7,137,962,1,1,0,32,true,true,1,0,1,1,true,false,0,0
7,138,967,1,1,0,32,true,true,1,0,1,1,true,false,0,0
7,139,968,1,1,0,32,true,true,1,0,1,1,true,false,0,0
7,140,969,1,1,0,32,true,true,1,0,1,1,true,false,0,0
7,141,970,1,1,0,32,true,true,1,0,1,1,true,false,0,0
7,142,971,1,1,0,32,true,true,1,0,1,1,true,false,0,0
7,143,1006,0,0,0,,true,true,2,0,1,1,true,false,0,0
7,144,1013,2,2,0,32,true,true,2,0,1,1,true,false,0,0
7,145,1014,2,2,0,32,true,true,2,0,1,1,true,false,0,0
7,146,1018,1,1,0,16,false,false,0,0,0,0,false,false,0,0
7,147,1037,1,0,1,,true,true,10,0,1,1,true,false,0,0
7,148,1041,8,8,0,208,true,true,4,8,1,1,true,false,0,0
7,149,1046,0,0,0,,true,true,1,0,1,1,true,false,0,0
7,150,1049,0,0,0,,true,true,2,2,1,1,true,false,0,0
7,151,1059,14,14,0,400,true,true,16,39,13,13,true,false,0,0
7,152,1063,1,1,0,64,true,true,5,0,1,1,true,false,0,0
7,153,1064,1,1,0,32,true,true,1,0,1,1,true,false,0,0
7,154,1065,1,1,0,32,true,true,1,0,1,1,true,false,0,0
7,155,1069,16,16,0,208,true,true,1,0,1,1,true,false,0,0
7,156,1071,1,0,1,,true,true,30,0,1,1,true,false,0,0
7,157,1078,1,1,0,64,true,true,2,0,1,1,true,false,0,0
7,158,1079,2,2,0,64,true,true,2,0,1,1,true,false,0,0
7,159,1080,8,8,0,176,true,true,1,0,1,1,true,false,0,0
7,160,1104,5,5,0,160,true,true,1,0,1,1,true,false,0,0
7,161,1106,1,1,0,736,true,true,44,88,15,15,true,false,0,0
7,162,1110,12,12,0,128,true,true,7,2,3,3,true,false,0,0
7,163,1112,31,31,0,176,true,true,7,2,3,3,true,false,0,0
7,164,1113,1,1,0,16,true,true,1,0,1,1,true,false,0,0
7,165,1114,1,1,0,16,true,true,1,0,1,1,true,false,0,0
7,166,1115,1,1,0,16,true,true,1,0,1,1,true,false,0,0
7,167,1116,1,1,0,16,true,true,1,0,1,1,true,false,0,0
7,168,1126,6,6,0,160,true,true,14,12,5,5,true,false,0,0
7,169,1128,1,1,0,64,true,true,4,0,1,1,true,false,0,0
7,170,1129,1,1,0,224,true,true,2,0,1,1,true,false,0,0
7,171,1131,1,1,0,64,true,true,1,0,1,1,true,false,0,0
7,172,1133,1,1,0,32,true,true,3,0,1,1,true,false,0,0
7,173,1134,2,2,0,128,true,true,2,1,2,2,true,false,0,0
7,174,1135,2,2,0,80,true,true,5,0,1,1,true,false,0,0
7,175,1137,0,0,0,,true,true,1,5,2,2,true,false,0,0
7,176,1138,0,0,0,,true,true,1,5,216,216,true,false,0,0
7,177,1142,1,1,0,48,false,false,0,0,0,0,false,false,0,0
7,178,1143,0,0,0,,true,true,9,3,1,1,true,false,0,0
7,179,1146,0,0,0,,true,true,4,4,2,2,true,false,0,0
7,180,1147,0,0,0,,true,true,5,9,1,1,true,false,0,0
7,181,1148,0,0,0,,true,true,10,6,1,1,true,false,0,0
7,182,1192,0,0,0,,true,true,3,0,1,1,true,false,0,0
7,183,1204,0,0,0,,true,true,1,0,1,1,true,false,0,0
7,184,1221,0,0,0,,true,true,1,1,1,1,true,false,0,0
7,185,1222,0,0,0,,true,true,2,1,1,1,true,false,0,0
7,186,1251,0,0,0,,false,false,0,0,0,0,false,false,0,0
7,187,1289,0,0,0,,true,true,11,3,3,3,true,false,0,0
7,188,1290,0,0,0,,true,true,10,2,3,3,true,false,0,0
7,189,1438,0,0,0,,true,true,2,1,1,1,true,false,0,0
7,190,1447,0,0,0,,true,true,2,1,1,1,true,false,0,0
7,191,1449,0,0,0,,true,true,3,0,1,1,true,false,0,0
7,192,1552,1,0,1,,false,false,0,0,0,0,false,false,0,0
7,193,1564,20,20,0,128,true,true,3,25,2,2,true,false,0,0
7,194,1569,0,0,0,,true,true,2,1,1,1,true,false,0,0
7,195,1570,0,0,0,,true,true,5,1,1,1,true,false,0,0
7,196,1591,0,0,0,,true,true,3,1,1,1,true,false,0,0
7,197,1592,0,0,0,,true,true,4,1,1,1,true,false,0,0
7,198,1593,0,0,0,,true,true,4,1,1,1,true,false,0,0
7,199,1650,11,0,11,,true,true,5,0,1,1,true,false,0,0
7,200,1651,0,0,0,,true,true,2,0,1,1,true,false,0,0
7,201,1652,0,0,0,,true,true,1,0,1,1,true,false,0,0
7,202,1653,0,0,0,,true,true,1,0,1,1,true,false,0,0
7,203,1654,0,0,0,,true,true,2,0,1,1,true,false,0,0
7,204,1663,7,0,7,,true,true,5,0,1,1,true,false,0,0
7,205,1677,0,0,0,,true,true,4,0,1,1,true,false,0,0
7,206,1678,0,0,0,,true,true,1,0,1,1,true,false,0,0
7,207,1679,0,0,0,,true,true,1,0,1,1,true,false,0,0
7,208,1680,0,0,0,,true,true,1,0,1,1,true,false,0,0
7,209,1686,5,0,5,,true,true,2,0,1,1,true,false,0,0
7,210,1688,0,0,0,,true,true,2,0,1,1,true,false,0,0
7,211,1689,0,0,0,,true,true,2,0,1,1,true,false,0,0
7,212,1690,0,0,0,,true,true,2,0,1,1,true,false,0,0
7,213,1789,1,0,1,,false,false,0,0,0,0,false,false,0,0
7,214,1871,0,0,0,,true,true,1,0,1,1,true,false,0,0
7,215,1872,0,0,0,,true,true,2,0,1,1,true,false,0,0
7,216,1900,0,0,0,,true,true,7,62,4,3,true,false,0,0
8,0,0,1,0,1,,true,true,63,111,134,0,true,true,256,108
8,1,1,0,0,0,,true,false,0,20,23,23,true,false,0,0
8,2,2,0,0,0,,true,false,0,20,23,23,true,false,0,0
8,3,1007,0,0,0,,true,true,1,0,1,1,true,false,0,0
8,4,10,0,0,0,,true,true,44,75,1,1,true,false,0,0
8,5,11,1,1,0,160,true,true,26,45,5,5,true,false,0,0
8,6,12,0,0,0,,true,true,22,92,10,0,false,false,0,0
8,7,13,194,194,0,112,true,true,1,1,2,1,true,false,0,0
8,8,14,0,0,0,,true,true,1,0,1,1,true,false,0,0
8,9,15,0,0,0,,true,true,2,0,1,1,true,false,0,0
8,10,16,0,0,0,,true,true,4,0,1,1,true,false,0,0
8,11,39,0,0,0,,true,true,18,11,1,1,true,false,0,0
8,12,71,0,0,0,,false,false,0,0,0,0,false,false,0,0
8,13,74,0,0,0,,true,true,7,2,4,3,true,false,0,0
8,14,112,0,0,0,,true,true,3,0,1,1,true,false,0,0
8,15,121,0,0,0,,true,true,3,0,1,1,true,false,0,0
8,16,122,0,0,0,,true,true,1,0,1,1,true,false,0,0
8,17,149,0,0,0,,true,true,1,0,1,1,true,false,0,0
8,18,150,0,0,0,,true,true,1,0,1,1,true,false,0,0
8,19,151,0,0,0,,true,true,1,0,1,1,true,false,0,0
8,20,152,0,0,0,,true,true,1,0,1,1,true,false,0,0
8,21,153,0,0,0,,true,true,1,0,1,1,true,false,0,0
8,22,156,0,0,0,,true,true,1,0,1,1,true,false,0,0
8,23,157,0,0,0,,false,false,0,0,0,0,false,false,0,0
8,24,163,0,0,0,,false,false,0,0,0,0,false,false,0,0
8,25,166,0,0,0,,true,true,1,0,1,1,true,false,0,0
8,26,167,0,0,0,,false,false,0,0,0,0,false,false,0,0
8,27,168,0,0,0,,false,false,0,0,0,0,false,false,0,0
8,28,172,0,0,0,,true,true,3,4,1,1,true,false,0,0
8,29,173,0,0,0,,true,true,8,5,3,3,true,false,0,0
8,30,175,0,0,0,,false,false,0,0,0,0,false,false,0,0
8,31,176,0,0,0,,false,false,0,0,0,0,false,false,0,0
8,32,177,0,0,0,,false,false,0,0,0,0,false,false,0,0
8,33,179,0,0,0,,true,true,3,0,1,1,true,false,0,0
8,34,180,0,0,0,,false,false,0,0,0,0,false,false,0,0
8,35,185,0,0,0,,false,false,0,0,0,0,false,false,0,0
8,36,186,0,0,0,,true,true,14,38,11,8,true,false,0,0
8,37,188,0,0,0,,false,false,0,0,0,0,false,false,0,0
8,38,190,0,0,0,,false,false,0,0,0,0,false,false,0,0
8,39,192,0,0,0,,false,false,0,0,0,0,false,false,0,0
8,40,195,0,0,0,,true,true,10,5,3,3,true,false,0,0
8,41,203,0,0,0,,true,true,9,62,4,3,true,false,0,0
8,42,204,0,0,0,,true,true,2,0,1,1,true,false,0,0
8,43,208,0,0,0,,false,false,0,0,0,0,false,false,0,0
8,44,209,0,0,0,,true,true,6,9,8,8,true,false,0,0
8,45,213,0,0,0,,true,true,3,0,1,1,true,false,0,0
8,46,214,0,0,0,,true,true,3,0,1,1,true,false,0,0
8,47,222,0,0,0,,true,true,2,0,1,1,true,false,0,0
8,48,223,0,0,0,,true,true,2,0,1,1,true,false,0,0
8,49,225,0,0,0,,true,true,3,0,1,1,true,false,0,0
8,50,226,0,0,0,,true,true,3,0,1,1,true,false,0,0
8,51,229,0,0,0,,false,false,0,0,0,0,false,false,0,0
8,52,230,0,0,0,,true,true,2,0,1,1,true,false,0,0
8,53,248,0,0,0,,true,true,1,0,1,1,true,false,0,0
8,54,252,96,96,0,624,true,true,20,36,6,6,true,false,0,0
8,55,253,4,4,0,400,true,true,14,25,3,3,true,false,0,0
8,56,270,0,0,0,,true,true,5,43,5,4,true,false,0,0
8,57,280,5,5,0,64,true,true,7,0,1,1,true,false,0,0
8,58,305,0,0,0,,false,false,0,0,0,0,false,false,0,0
8,59,315,0,0,0,,true,true,4,0,1,1,true,false,0,0
8,60,324,0,0,0,,true,true,1,0,1,1,true,false,0,0
8,61,327,1,0,1,,false,false,0,0,0,0,false,false,0,0
8,62,331,0,0,0,,true,true,13,34,1,1,true,false,0,0
8,63,332,0,0,0,,true,true,13,34,13,13,true,false,0,0
8,64,333,8,8,0,416,true,true,45,95,10,10,true,false,0,0
8,65,344,0,0,0,,true,true,4,6,23,23,true,false,0,0
8,66,348,0,0,0,,true,true,1,0,1,1,true,false,0,0
8,67,349,0,0,0,,true,true,1,0,1,1,true,false,0,0
8,68,354,0,0,0,,true,true,1,0,1,1,true,false,0,0
8,69,355,0,0,0,,true,true,1,0,1,1,true,false,0,0
8,70,356,0,0,0,,true,true,1,0,1,1,true,false,0,0
8,71,357,0,0,0,,true,true,1,0,1,1,true,false,0,0
8,72,358,0,0,0,,true,true,1,0,1,1,true,false,0,0
8,73,359,0,0,0,,true,true,1,0,1,1,true,false,0,0
8,74,363,0,0,0,,true,true,1,0,1,1,true,false,0,0
8,75,364,0,0,0,,true,true,1,0,1,1,true,false,0,0
8,76,407,0,0,0,,true,true,3,2,3,3,true,false,0,0
8,77,424,2,2,0,336,true,true,23,2,1,1,true,false,0,0
8,78,425,0,0,0,,true,true,1,0,1,1,true,false,0,0
8,79,428,0,0,0,,true,true,1,0,1,1,true,false,0,0
8,80,433,0,0,0,,true,true,11,22,4,3,true,false,0,0
8,81,435,2,2,0,192,true,true,5,0,1,1,true,false,0,0
8,82,438,25,25,0,32,true,true,6,0,1,1,true,false,0,0
8,83,440,1,1,0,192,true,true,12,1,2,2,true,false,0,0
8,84,441,0,0,0,,true,true,4,4,1,1,true,false,0,0
8,85,442,0,0,0,,true,true,5,2,1,1,true,false,0,0
8,86,443,0,0,0,,true,true,2,1,1,1,true,false,0,0
8,87,444,1,1,0,672,true,true,7,8,1,1,true,false,0,0
8,88,445,0,0,0,,true,true,6,1,1,1,true,false,0,0
8,89,448,0,0,0,,true,true,4,11,1,1,true,false,0,0
8,90,449,0,0,0,,true,true,5,4,1,1,true,false,0,0
8,91,450,0,0,0,,true,true,4,1,1,1,true,false,0,0
8,92,451,0,0,0,,true,true,4,1,1,1,true,false,0,0
8,93,452,3,3,0,672,true,true,32,63,7,7,true,false,0,0
8,94,454,0,0,0,,false,false,0,0,0,0,false,false,0,0
8,95,455,3,3,0,304,true,true,25,41,1,1,true,false,0,0
8,96,457,0,0,0,,true,true,3,2,1,1,true,false,0,0
8,97,458,0,0,0,,true,true,3,2,1,1,true,false,0,0
8,98,462,2,2,0,336,true,true,10,5,1,1,true,false,0,0
8,99,463,1,1,0,400,true,true,4,3,1,1,true,false,0,0
8,100,464,0,0,0,,true,true,3,1,1,1,true,false,0,0
8,101,465,0,0,0,,true,true,3,1,1,1,true,false,0,0
8,102,467,1,1,0,16,true,true,3,0,1,1,true,false,0,0
8,103,468,5,5,0,48,true,true,5,0,1,1,true,false,0,0
8,104,469,5,5,0,48,true,true,5,0,1,1,true,false,0,0
8,105,472,3,3,0,16,true,true,5,0,1,1,true,false,0,0
8,106,473,5,0,5,,true,true,10,0,1,1,true,false,0,0
8,107,479,0,0,0,,true,true,5,10,1,1,true,false,0,0
8,108,483,0,0,0,,false,false,0,0,0,0,false,false,0,0
8,109,492,30,0,30,,true,true,9,23,2,2,true,false,0,0
8,110,500,192,192,0,256,true,true,2,0,1,1,true,false,0,0
8,111,501,7,7,0,256,true,true,4,0,1,1,true,false,0,0
8,112,505,11,11,0,256,true,true,6,0,1,1,true,false,0,0
8,113,511,20,20,0,256,true,true,2,0,1,1,true,false,0,0
8,114,545,0,0,0,,true,true,2,0,1,1,true,false,0,0
8,115,547,8,8,0,64,true,true,1,0,1,1,true,false,0,0
8,116,548,4,4,0,64,true,true,2,0,1,1,true,false,0,0
8,117,549,6,6,0,64,true,true,1,0,1,1,true,false,0,0
8,118,550,13,13,0,64,true,true,4,0,1,1,true,false,0,0
8,119,551,10,10,0,64,true,true,2,0,1,1,true,false,0,0
8,120,562,0,0,0,,false,false,0,0,0,0,false,false,0,0
8,121,565,2,0,2,,true,true,7,0,1,1,true,false,0,0
8,122,566,0,0,0,,true,true,7,3,2,2,true,false,0,0
8,123,567,0,0,0,,true,true,3,2,1,1,true,false,0,0
8,124,579,8,0,8,,true,true,9,0,1,1,true,false,0,0
8,125,581,4,0,4,,true,true,8,0,1,1,true,false,0,0
8,126,585,0,0,0,,false,false,0,0,0,0,false,false,0,0
8,127,588,4,4,0,64,true,true,1,0,1,1,true,false,0,0
8,128,589,4,4,0,64,true,true,1,0,1,1,true,false,0,0
8,129,590,4,4,0,64,true,true,3,0,1,1,true,false,0,0
8,130,591,4,4,0,64,true,true,2,0,1,1,true,false,0,0
8,131,592,4,4,0,64,true,true,1,0,1,1,true,false,0,0
8,132,593,4,4,0,64,true,true,1,0,1,1,true,false,0,0
8,133,594,4,4,0,64,true,true,1,0,1,1,true,false,0,0
8,134,595,4,4,0,64,true,true,1,0,1,1,true,false,0,0
8,135,596,4,4,0,64,true,true,1,0,1,1,true,false,0,0
8,136,597,4,4,0,64,true,true,1,0,1,1,true,false,0,0
8,137,598,4,4,0,64,true,true,1,0,1,1,true,false,0,0
8,138,600,1,0,1,,false,false,0,0,0,0,false,false,0,0
8,139,601,0,0,0,,true,true,22,33,18,18,true,false,0,0
8,140,604,1,1,0,16,true,true,12,13,7,7,true,false,0,0
8,141,605,19,19,0,32,false,false,0,0,0,0,false,false,0,0
8,142,607,0,0,0,,true,true,17,36,9,9,true,false,0,0
8,143,608,0,0,0,,true,true,6,15,9,9,true,false,0,0
8,144,609,0,0,0,,true,true,7,10,5,5,true,false,0,0
8,145,614,0,0,0,,true,true,8,1,1,1,true,false,0,0
8,146,615,6,6,0,288,true,true,14,16,1,1,true,false,0,0
8,147,618,0,0,0,,true,true,7,5,1,1,true,false,0,0
8,148,619,0,0,0,,false,false,0,0,0,0,false,false,0,0
8,149,621,25,25,0,128,true,true,10,0,1,1,true,false,0,0
8,150,634,0,0,0,,true,true,26,75,9,8,true,false,0,0
8,151,639,0,0,0,,true,true,1,0,1,1,true,false,0,0
8,152,648,15,15,0,128,false,false,0,0,0,0,false,false,0,0
8,153,657,0,0,0,,true,true,1,3,2,1,true,false,0,0
8,154,671,3,3,0,352,true,true,1,0,1,1,true,false,0,0
8,155,679,2,2,0,128,false,false,0,0,0,0,false,false,0,0
8,156,750,0,0,0,,true,true,19,43,5,5,true,false,0,0
8,157,774,0,0,0,,true,true,30,90,1,1,true,false,0,0
8,158,775,0,0,0,,true,true,1,0,1,1,true,false,0,0
8,159,782,0,0,0,,true,true,1,0,1,1,true,false,0,0
8,160,783,0,0,0,,true,true,2,0,1,1,true,false,0,0
8,161,784,0,0,0,,true,true,2,0,1,1,true,false,0,0
8,162,785,0,0,0,,true,true,2,0,1,1,true,false,0,0
8,163,804,0,0,0,,true,true,1,0,1,1,true,false,0,0
8,164,805,5,5,0,48,false,false,0,0,0,0,false,false,0,0
8,165,806,0,0,0,,false,false,0,0,0,0,false,false,0,0
8,166,832,1,1,0,336,false,false,0,0,0,0,false,false,0,0
8,167,849,0,0,0,,false,false,0,0,0,0,false,false,0,0
8,168,1006,0,0,0,,true,true,2,0,1,1,true,false,0,0
8,169,1023,7,7,0,544,true,true,35,79,19,19,true,false,0,0
8,170,1025,0,0,0,,true,true,4,6,20,20,true,false,0,0
8,171,1039,1,1,0,256,false,false,0,0,0,0,false,false,0,0
8,172,1130,1,1,0,400,true,true,33,92,3,3,true,false,0,0
8,173,1134,2,2,0,128,true,true,2,1,2,2,true,false,0,0
8,174,1135,2,2,0,80,true,true,5,0,1,1,true,false,0,0
8,175,1137,0,0,0,,true,true,1,5,2,2,true,false,0,0
8,176,1138,0,0,0,,true,true,1,5,216,216,true,false,0,0
8,177,1143,0,0,0,,true,true,9,3,1,1,true,false,0,0
8,178,1144,1,1,0,416,true,true,37,96,3,3,true,false,0,0
8,179,1146,0,0,0,,true,true,4,4,2,2,true,false,0,0
8,180,1192,0,0,0,,true,true,3,0,1,1,true,false,0,0
8,181,1204,0,0,0,,true,true,1,0,1,1,true,false,0,0
8,182,1251,0,0,0,,false,false,0,0,0,0,false,false,0,0
8,183,1283,1,1,0,384,true,true,30,90,1,1,true,false,0,0
8,184,1289,0,0,0,,true,true,11,3,3,3,true,false,0,0
8,185,1290,0,0,0,,true,true,10,2,3,3,true,false,0,0
8,186,1292,0,0,0,,true,true,3,2,1,1,true,false,0,0
8,187,1349,1,1,0,80,false,false,0,0,0,0,false,false,0,0
8,188,1400,1,1,0,208,false,false,0,0,0,0,false,false,0,0
8,189,1438,0,0,0,,true,true,2,1,1,1,true,false,0,0
8,190,1447,0,0,0,,true,true,2,1,1,1,true,false,0,0
8,191,1449,0,0,0,,true,true,3,0,1,1,true,false,0,0
8,192,1553,1,0,1,,false,false,0,0,0,0,false,false,0,0
8,193,1629,1,1,0,48,false,false,0,0,0,0,false,false,0,0
8,194,1633,0,0,0,,true,true,3,2,2,2,true,false,0,0
8,195,1641,2,2,0,48,false,false,0,0,0,0,false,false,0,0
8,196,1649,1,0,1,,false,false,0,0,0,0,false,false,0,0
8,197,1692,0,0,0,,true,true,3,1,1,1,true,false,0,0
8,198,1693,0,0,0,,true,true,6,1,1,1,true,false,0,0
8,199,1694,0,0,0,,true,true,5,1,1,1,true,false,0,0
8,200,1728,0,0,0,,true,true,1,1,1,1,true,false,0,0
8,201,1729,0,0,0,,true,true,1,1,1,1,true,false,0,0
8,202,1730,0,0,0,,true,true,1,1,1,1,true,false,0,0
8,203,1731,0,0,0,,true,true,2,1,1,1,true,false,0,0
8,204,1732,0,0,0,,true,true,1,1,1,1,true,false,0,0
8,205,1733,0,0,0,,true,true,6,1,1,1,true,false,0,0
8,206,1734,0,0,0,,true,true,8,1,1,1,true,false,0,0
8,207,1735,0,0,0,,true,true,6,1,1,1,true,false,0,0
8,208,1790,0,0,0,,true,true,2,1,1,1,true,false,0,0
8,209,1791,0,0,0,,true,true,2,1,1,1,true,false,0,0
8,210,1808,0,0,0,,true,true,9,0,1,1,true,false,0,0
8,211,1818,1,1,0,208,true,true,19,49,3,3,true,false,0,0
8,212,1844,18,0,18,,true,true,6,0,1,1,true,false,0,0
8,213,1845,0,0,0,,true,true,3,0,1,1,true,false,0,0
8,214,1846,0,0,0,,true,true,2,0,1,1,true,false,0,0
8,215,1847,0,0,0,,true,true,2,0,1,1,true,false,0,0
8,216,1871,0,0,0,,true,true,1,0,1,1,true,false,0,0
8,217,1872,0,0,0,,true,true,2,0,1,1,true,false,0,0
8,218,1900,0,0,0,,true,true,7,62,4,3,true,false,0,0
9,0,0,1,0,1,,true,true,63,111,134,0,true,true,256,79
9,1,1,0,0,0,,true,false,0,20,23,23,true,false,0,0
9,2,2,0,0,0,,true,false,0,20,23,23,true,false,0,0
9,3,1007,0,0,0,,true,true,1,0,1,1,true,false,0,0
9,4,1184,10,10,0,144,true,true,12,2,1,1,true,false,0,0
9,5,10,0,0,0,,true,true,44,75,1,1,true,false,0,0
9,6,11,1,1,0,160,true,true,26,45,5,5,true,false,0,0
9,7,12,0,0,0,,true,true,22,92,10,0,false,false,0,0
9,8,13,0,0,0,,true,true,1,1,2,1,true,false,0,0
9,9,14,0,0,0,,true,true,1,0,1,1,true,false,0,0
9,10,15,0,0,0,,true,true,2,0,1,1,true,false,0,0
9,11,16,0,0,0,,true,true,4,0,1,1,true,false,0,0
9,12,52,40,40,0,704,true,true,16,28,5,5,true,false,0,0
9,13,71,0,0,0,,false,false,0,0,0,0,false,false,0,0
9,14,74,0,0,0,,true,true,7,2,4,3,true,false,0,0
9,15,112,0,0,0,,true,true,3,0,1,1,true,false,0,0
9,16,121,0,0,0,,true,true,3,0,1,1,true,false,0,0
9,17,122,0,0,0,,true,true,1,0,1,1,true,false,0,0
9,18,149,0,0,0,,true,true,1,0,1,1,true,false,0,0
9,19,153,0,0,0,,true,true,1,0,1,1,true,false,0,0
9,20,156,0,0,0,,true,true,1,0,1,1,true,false,0,0
9,21,157,0,0,0,,false,false,0,0,0,0,false,false,0,0
9,22,163,0,0,0,,false,false,0,0,0,0,false,false,0,0
9,23,166,0,0,0,,true,true,1,0,1,1,true,false,0,0
9,24,167,0,0,0,,false,false,0,0,0,0,false,false,0,0
9,25,168,0,0,0,,false,false,0,0,0,0,false,false,0,0
9,26,172,0,0,0,,true,true,3,4,1,1,true,false,0,0
9,27,173,0,0,0,,true,true,8,5,3,3,true,false,0,0
9,28,175,0,0,0,,false,false,0,0,0,0,false,false,0,0
9,29,176,0,0,0,,false,false,0,0,0,0,false,false,0,0
9,30,177,0,0,0,,false,false,0,0,0,0,false,false,0,0
9,31,179,0,0,0,,true,true,3,0,1,1,true,false,0,0
9,32,180,0,0,0,,false,false,0,0,0,0,false,false,0,0
9,33,185,0,0,0,,false,false,0,0,0,0,false,false,0,0
9,34,186,0,0,0,,true,true,14,38,11,8,true,false,0,0
9,35,188,0,0,0,,false,false,0,0,0,0,false,false,0,0
9,36,190,0,0,0,,false,false,0,0,0,0,false,false,0,0
9,37,192,0,0,0,,false,false,0,0,0,0,false,false,0,0
9,38,193,81,81,0,624,true,true,11,54,9,9,true,false,0,0
9,39,195,0,0,0,,true,true,10,5,3,3,true,false,0,0
9,40,203,0,0,0,,true,true,9,62,4,3,true,false,0,0
9,41,204,0,0,0,,true,true,2,0,1,1,true,false,0,0
9,42,208,0,0,0,,false,false,0,0,0,0,false,false,0,0
9,43,209,0,0,0,,true,true,6,9,8,8,true,false,0,0
9,44,213,0,0,0,,true,true,3,0,1,1,true,false,0,0
9,45,214,0,0,0,,true,true,3,0,1,1,true,false,0,0
9,46,222,0,0,0,,true,true,2,0,1,1,true,false,0,0
9,47,223,0,0,0,,true,true,2,0,1,1,true,false,0,0
9,48,225,0,0,0,,true,true,3,0,1,1,true,false,0,0
9,49,226,0,0,0,,true,true,3,0,1,1,true,false,0,0
9,50,229,0,0,0,,false,false,0,0,0,0,false,false,0,0
9,51,230,0,0,0,,true,true,2,0,1,1,true,false,0,0
9,52,258,8,8,0,128,false,false,0,0,0,0,false,false,0,0
9,53,263,0,0,0,,true,true,1,0,1,1,true,false,0,0
9,54,264,0,0,0,,true,true,3,0,1,1,true,false,0,0
9,55,265,1,1,0,80,true,true,1,0,1,1,true,false,0,0
9,56,266,0,0,0,,true,true,2,0,1,1,true,false,0,0
9,57,267,0,0,0,,true,true,2,0,1,1,true,false,0,0
9,58,270,0,0,0,,true,true,5,43,5,4,true,false,0,0
9,59,272,2,0,2,,true,true,14,0,1,1,true,false,0,0
9,60,274,13,0,13,,true,true,9,0,1,1,true,false,0,0
9,61,275,9,0,9,,true,true,5,0,1,1,true,false,0,0
9,62,276,5,0,5,,true,true,4,0,1,1,true,false,0,0
9,63,279,0,0,0,,true,true,1,0,1,1,true,false,0,0
9,64,284,0,0,0,,true,true,1,0,1,1,true,false,0,0
9,65,305,0,0,0,,false,false,0,0,0,0,false,false,0,0
9,66,313,0,0,0,,true,true,1,0,1,1,true,false,0,0
9,67,317,1,0,1,,false,false,0,0,0,0,false,false,0,0
9,68,320,0,0,0,,true,true,2,0,1,1,true,false,0,0
9,69,321,0,0,0,,true,true,3,0,1,1,true,false,0,0
9,70,324,0,0,0,,true,true,1,0,1,1,true,false,0,0
9,71,348,0,0,0,,true,true,1,0,1,1,true,false,0,0
9,72,349,0,0,0,,true,true,1,0,1,1,true,false,0,0
9,73,354,0,0,0,,true,true,1,0,1,1,true,false,0,0
9,74,355,0,0,0,,true,true,1,0,1,1,true,false,0,0
9,75,356,0,0,0,,true,true,1,0,1,1,true,false,0,0
9,76,357,0,0,0,,true,true,1,0,1,1,true,false,0,0
9,77,358,0,0,0,,true,true,1,0,1,1,true,false,0,0
9,78,359,0,0,0,,true,true,1,0,1,1,true,false,0,0
9,79,363,0,0,0,,true,true,1,0,1,1,true,false,0,0
9,80,364,0,0,0,,true,true,1,0,1,1,true,false,0,0
9,81,407,0,0,0,,true,true,3,2,3,3,true,false,0,0
9,82,417,0,0,0,,true,true,1,15,1,1,true,false,0,0
9,83,428,0,0,0,,true,true,1,0,1,1,true,false,0,0
9,84,433,0,0,0,,true,true,11,22,4,3,true,false,0,0
9,85,454,0,0,0,,false,false,0,0,0,0,false,false,0,0
9,86,457,0,0,0,,true,true,3,2,1,1,true,false,0,0
9,87,479,0,0,0,,true,true,5,10,1,1,true,false,0,0
9,88,483,0,0,0,,false,false,0,0,0,0,false,false,0,0
9,89,500,111,111,0,256,true,true,2,0,1,1,true,false,0,0
9,90,501,8,8,0,256,true,true,4,0,1,1,true,false,0,0
9,91,502,33,33,0,256,true,true,5,0,1,1,true,false,0,0
9,92,505,12,12,0,256,true,true,6,0,1,1,true,false,0,0
9,93,511,31,31,0,256,true,true,2,0,1,1,true,false,0,0
9,94,562,0,0,0,,false,false,0,0,0,0,false,false,0,0
9,95,567,0,0,0,,true,true,3,2,1,1,true,false,0,0
9,96,585,0,0,0,,false,false,0,0,0,0,false,false,0,0
9,97,601,0,0,0,,true,true,22,33,18,18,true,false,0,0
9,98,605,20,20,0,32,false,false,0,0,0,0,false,false,0,0
9,99,607,0,0,0,,true,true,17,36,9,9,true,false,0,0
9,100,608,0,0,0,,true,true,6,15,9,9,true,false,0,0
9,101,609,0,0,0,,true,true,7,10,5,5,true,false,0,0
9,102,614,0,0,0,,true,true,8,1,1,1,true,false,0,0
9,103,618,0,0,0,,true,true,7,5,1,1,true,false,0,0
9,104,619,0,0,0,,false,false,0,0,0,0,false,false,0,0
9,105,634,0,0,0,,true,true,26,75,9,8,true,false,0,0
9,106,639,0,0,0,,true,true,1,0,1,1,true,false,0,0
9,107,657,0,0,0,,true,true,1,3,2,1,true,false,0,0
9,108,664,6,6,0,160,true,true,4,0,1,1,true,false,0,0
9,109,775,0,0,0,,true,true,1,0,1,1,true,false,0,0
9,110,803,12,12,0,64,true,true,4,0,1,1,true,false,0,0
9,111,804,0,0,0,,true,true,1,0,1,1,true,false,0,0
9,112,805,6,6,0,48,false,false,0,0,0,0,false,false,0,0
9,113,806,0,0,0,,false,false,0,0,0,0,false,false,0,0
9,114,832,1,1,0,336,false,false,0,0,0,0,false,false,0,0
9,115,849,0,0,0,,false,false,0,0,0,0,false,false,0,0
9,116,1000,1,1,0,16,false,false,0,0,0,0,false,false,0,0
9,117,1006,0,0,0,,true,true,2,0,1,1,true,false,0,0
9,118,1023,34,34,0,544,true,true,35,79,19,19,true,false,0,0
9,119,1025,0,0,0,,true,true,4,6,20,20,true,false,0,0
9,120,1134,2,2,0,128,true,true,2,1,2,2,true,false,0,0
9,121,1137,0,0,0,,true,true,1,5,2,2,true,false,0,0
9,122,1138,0,0,0,,true,true,1,5,216,216,true,false,0,0
9,123,1143,0,0,0,,true,true,9,3,1,1,true,false,0,0
9,124,1146,0,0,0,,true,true,4,4,2,2,true,false,0,0
9,125,1150,2,2,0,208,true,true,3,0,1,1,true,false,0,0
9,126,1151,3,3,0,208,true,true,3,0,1,1,true,false,0,0
9,127,1162,12,0,12,,true,true,21,0,1,1,true,false,0,0
9,128,1163,31,0,31,,true,true,4,0,1,1,true,false,0,0
9,129,1164,8,0,8,,true,true,7,0,1,1,true,false,0,0
9,130,1165,31,0,31,,true,true,2,0,1,1,true,false,0,0
9,131,1166,25,0,25,,true,true,3,0,1,1,true,false,0,0
9,132,1172,10,10,0,128,true,true,18,3,1,1,true,false,0,0
9,133,1173,6,0,6,,true,true,38,0,1,1,true,false,0,0
9,134,1181,124,124,0,112,true,true,3,2,1,1,true,false,0,0
9,135,1182,10,10,0,144,true,true,9,1,1,1,true,false,0,0
9,136,1183,10,10,0,144,true,true,16,1,1,1,true,false,0,0
9,137,1185,10,10,0,144,true,true,5,1,1,1,true,false,0,0
9,138,1186,10,10,0,144,true,true,5,1,1,1,true,false,0,0
9,139,1187,10,10,0,144,true,true,16,1,1,1,true,false,0,0
9,140,1188,10,10,0,144,true,true,16,1,1,1,true,false,0,0
9,141,1189,10,10,0,144,true,true,6,1,1,1,true,false,0,0
9,142,1192,0,0,0,,true,true,3,0,1,1,true,false,0,0
9,143,1195,15,0,15,,true,true,4,0,1,1,true,false,0,0
9,144,1200,1,0,1,,true,true,6,0,1,1,true,false,0,0
9,145,1201,3,3,0,112,true,true,32,10,6,6,true,false,0,0
9,146,1204,0,0,0,,true,true,1,0,1,1,true,false,0,0
9,147,1206,9,9,0,32,true,true,1,0,1,1,true,false,0,0
9,148,1212,3,3,0,192,true,true,12,7,1,1,true,false,0,0
9,149,1213,4,4,0,240,true,true,20,9,1,1,true,false,0,0
9,150,1239,3,0,3,,true,true,8,0,1,1,true,false,0,0
9,151,1251,0,0,0,,false,false,0,0,0,0,false,false,0,0
9,152,1258,0,0,0,,true,true,1,0,1,1,true,false,0,0
9,153,1285,3,3,0,16,true,true,6,0,1,1,true,false,0,0
9,154,1286,0,0,0,,true,true,10,0,1,1,true,false,0,0
9,155,1287,0,0,0,,true,true,9,0,1,1,true,false,0,0
9,156,1288,0,0,0,,true,true,9,0,1,1,true,false,0,0
9,157,1289,0,0,0,,true,true,11,3,3,3,true,false,0,0
9,158,1290,1,1,0,80,true,true,10,2,3,3,true,false,0,0
9,159,1292,0,0,0,,true,true,3,2,1,1,true,false,0,0
9,160,1293,0,0,0,,true,true,9,0,1,1,true,false,0,0
9,161,1298,0,0,0,,true,true,11,0,1,1,true,false,0,0
9,162,1299,0,0,0,,true,true,10,0,1,1,true,false,0,0
9,163,1300,0,0,0,,true,true,8,0,1,1,true,false,0,0
9,164,1320,6,6,0,160,true,true,3,0,1,1,true,false,0,0
9,165,1438,0,0,0,,true,true,2,1,1,1,true,false,0,0
9,166,1447,0,0,0,,true,true,2,1,1,1,true,false,0,0
9,167,1449,0,0,0,,true,true,3,0,1,1,true,false,0,0
9,168,1522,0,0,0,,true,true,2,1,1,1,true,false,0,0
9,169,1525,0,0,0,,true,true,2,1,1,1,true,false,0,0
9,170,1526,0,0,0,,true,true,2,1,1,1,true,false,0,0
9,171,1528,0,0,0,,true,true,2,1,1,1,true,false,0,0
9,172,1529,0,0,0,,true,true,3,1,1,1,true,false,0,0
9,173,1692,0,0,0,,true,true,3,1,1,1,true,false,0,0
9,174,1693,0,0,0,,true,true,6,1,1,1,true,false,0,0
9,175,1694,0,0,0,,true,true,5,1,1,1,true,false,0,0
9,176,1733,0,0,0,,true,true,6,1,1,1,true,false,0,0
9,177,1734,0,0,0,,true,true,8,1,1,1,true,false,0,0
9,178,1735,0,0,0,,true,true,6,1,1,1,true,false,0,0
9,179,1766,1,1,0,224,true,true,23,2,1,1,true,false,0,0
9,180,1849,83,0,83,,true,true,5,0,1,1,true,false,0,0
9,181,1850,0,0,0,,true,true,4,0,1,1,true,false,0,0
9,182,1851,0,0,0,,true,true,1,0,1,1,true,false,0,0
9,183,1871,0,0,0,,true,true,1,0,1,1,true,false,0,0
9,184,1872,0,0,0,,true,true,2,0,1,1,true,false,0,0
9,185,1885,5,5,0,336,true,true,25,36,1,1,true,false,0,0
9,186,1886,0,0,0,,true,true,2,0,1,1,true,false,0,0
9,187,1900,0,0,0,,true,true,7,62,4,3,true,false,0,0
9,188,1936,0,0,0,,true,true,2,1,1,1,true,false,0,0
10,0,0,1,0,1,,true,true,63,111,134,0,true,true,256,83
10,1,1,0,0,0,,true,false,0,20,23,23,true,false,0,0
10,2,2,0,0,0,,true,false,0,20,23,23,true,false,0,0
10,3,1007,0,0,0,,true,true,1,0,1,1,true,false,0,0
10,4,1033,1,1,0,192,true,true,3,0,1,1,true,false,0,0
10,5,1117,2,2,0,192,true,true,11,0,1,1,true,false,0,0
10,6,10,0,0,0,,true,true,44,75,1,1,true,false,0,0
10,7,11,2,2,0,160,true,true,26,45,5,5,true,false,0,0
10,8,12,0,0,0,,true,true,22,92,10,0,false,false,0,0
10,9,13,7,7,0,112,true,true,1,1,2,1,true,false,0,0
10,10,14,0,0,0,,true,true,1,0,1,1,true,false,0,0
10,11,15,0,0,0,,true,true,2,0,1,1,true,false,0,0
10,12,16,0,0,0,,true,true,4,0,1,1,true,false,0,0
10,13,18,1,1,0,80,true,true,14,0,1,1,true,false,0,0
10,14,22,1,1,0,48,false,false,0,0,0,0,false,false,0,0
10,15,71,0,0,0,,false,false,0,0,0,0,false,false,0,0
10,16,74,0,0,0,,true,true,7,2,4,3,true,false,0,0
10,17,87,1,0,1,,true,true,44,73,19,19,true,false,0,0
10,18,112,0,0,0,,true,true,3,0,1,1,true,false,0,0
10,19,121,0,0,0,,true,true,3,0,1,1,true,false,0,0
10,20,122,0,0,0,,true,true,1,0,1,1,true,false,0,0
10,21,149,0,0,0,,true,true,1,0,1,1,true,false,0,0
10,22,153,0,0,0,,true,true,1,0,1,1,true,false,0,0
10,23,157,0,0,0,,false,false,0,0,0,0,false,false,0,0
10,24,163,0,0,0,,false,false,0,0,0,0,false,false,0,0
10,25,166,0,0,0,,true,true,1,0,1,1,true,false,0,0
10,26,167,0,0,0,,false,false,0,0,0,0,false,false,0,0
10,27,168,0,0,0,,false,false,0,0,0,0,false,false,0,0
10,28,172,0,0,0,,true,true,3,4,1,1,true,false,0,0
10,29,173,0,0,0,,true,true,8,5,3,3,true,false,0,0
10,30,175,0,0,0,,false,false,0,0,0,0,false,false,0,0
10,31,176,0,0,0,,false,false,0,0,0,0,false,false,0,0
10,32,177,0,0,0,,false,false,0,0,0,0,false,false,0,0
10,33,179,0,0,0,,true,true,3,0,1,1,true,false,0,0
10,34,180,0,0,0,,false,false,0,0,0,0,false,false,0,0
10,35,185,0,0,0,,false,false,0,0,0,0,false,false,0,0
10,36,186,0,0,0,,true,true,14,38,11,8,true,false,0,0
10,37,188,0,0,0,,false,false,0,0,0,0,false,false,0,0
10,38,190,0,0,0,,false,false,0,0,0,0,false,false,0,0
10,39,192,0,0,0,,false,false,0,0,0,0,false,false,0,0
10,40,195,0,0,0,,true,true,10,5,3,3,true,false,0,0
10,41,203,0,0,0,,true,true,9,62,4,3,true,false,0,0
10,42,204,0,0,0,,true,true,2,0,1,1,true,false,0,0
10,43,208,0,0,0,,false,false,0,0,0,0,false,false,0,0
10,44,209,0,0,0,,true,true,6,9,8,8,true,false,0,0
10,45,213,0,0,0,,true,true,3,0,1,1,true,false,0,0
10,46,214,0,0,0,,true,true,3,0,1,1,true,false,0,0
10,47,222,0,0,0,,true,true,2,0,1,1,true,false,0,0
10,48,223,0,0,0,,true,true,2,0,1,1,true,false,0,0
10,49,225,0,0,0,,true,true,3,0,1,1,true,false,0,0
10,50,226,0,0,0,,true,true,3,0,1,1,true,false,0,0
10,51,229,0,0,0,,false,false,0,0,0,0,false,false,0,0
10,52,230,0,0,0,,true,true,2,0,1,1,true,false,0,0
10,53,258,7,7,0,128,false,false,0,0,0,0,false,false,0,0
10,54,270,0,0,0,,true,true,5,43,5,4,true,false,0,0
10,55,302,0,0,0,,true,true,8,0,1,1,true,false,0,0
10,56,303,0,0,0,,true,true,2,0,1,1,true,false,0,0
10,57,305,0,0,0,,false,false,0,0,0,0,false,false,0,0
10,58,348,0,0,0,,true,true,1,0,1,1,true,false,0,0
10,59,349,0,0,0,,true,true,1,0,1,1,true,false,0,0
10,60,351,5,5,0,16,true,true,2,0,1,1,true,false,0,0
10,61,353,1,1,0,16,true,true,6,0,1,1,true,false,0,0
10,62,354,0,0,0,,true,true,1,0,1,1,true,false,0,0
10,63,355,0,0,0,,true,true,1,0,1,1,true,false,0,0
10,64,356,0,0,0,,true,true,1,0,1,1,true,false,0,0
10,65,357,0,0,0,,true,true,1,0,1,1,true,false,0,0
10,66,358,0,0,0,,true,true,1,0,1,1,true,false,0,0
10,67,359,0,0,0,,true,true,1,0,1,1,true,false,0,0
10,68,363,0,0,0,,true,true,1,0,1,1,true,false,0,0
10,69,364,0,0,0,,true,true,1,0,1,1,true,false,0,0
10,70,407,0,0,0,,true,true,3,2,3,3,true,false,0,0
10,71,428,0,0,0,,true,true,1,0,1,1,true,false,0,0
10,72,433,0,0,0,,true,true,11,22,4,3,true,false,0,0
10,73,454,0,0,0,,false,false,0,0,0,0,false,false,0,0
10,74,457,0,0,0,,true,true,3,2,1,1,true,false,0,0
10,75,479,0,0,0,,true,true,5,10,1,1,true,false,0,0
10,76,483,0,0,0,,false,false,0,0,0,0,false,false,0,0
10,77,500,248,248,0,256,true,true,2,0,1,1,true,false,0,0
10,78,501,17,17,0,256,true,true,4,0,1,1,true,false,0,0
10,79,502,53,53,0,256,true,true,5,0,1,1,true,false,0,0
10,80,505,90,90,0,256,true,true,6,0,1,1,true,false,0,0
10,81,511,15,15,0,256,true,true,2,0,1,1,true,false,0,0
10,82,532,0,0,0,,true,true,47,28,3,3,true,false,0,0
10,83,562,0,0,0,,false,false,0,0,0,0,false,false,0,0
10,84,585,0,0,0,,false,false,0,0,0,0,false,false,0,0
10,85,601,0,0,0,,true,true,22,33,18,18,true,false,0,0
10,86,605,20,20,0,32,false,false,0,0,0,0,false,false,0,0
10,87,607,0,0,0,,true,true,17,36,9,9,true,false,0,0
10,88,608,0,0,0,,true,true,6,15,9,9,true,false,0,0
10,89,609,0,0,0,,true,true,7,10,5,5,true,false,0,0
10,90,614,0,0,0,,true,true,8,1,1,1,true,false,0,0
10,91,618,0,0,0,,true,true,7,5,1,1,true,false,0,0
10,92,619,0,0,0,,false,false,0,0,0,0,false,false,0,0
10,93,634,0,0,0,,true,true,26,75,9,8,true,false,0,0
10,94,639,0,0,0,,true,true,1,0,1,1,true,false,0,0
10,95,645,0,0,0,,true,true,2,3,3,3,true,false,0,0
10,96,648,6,6,0,128,false,false,0,0,0,0,false,false,0,0
10,97,657,0,0,0,,true,true,1,3,2,1,true,false,0,0
10,98,702,3,3,0,32,false,false,0,0,0,0,false,false,0,0
10,99,737,1,1,0,64,false,false,0,0,0,0,false,false,0,0
10,100,750,2,2,0,208,true,true,19,43,5,5,true,false,0,0
10,101,758,1,1,0,64,true,true,2,1,1,1,true,false,0,0
10,102,775,0,0,0,,true,true,1,0,1,1,true,false,0,0
10,103,794,6,6,0,96,true,true,1,0,1,1,true,false,0,0
10,104,803,2,2,0,64,true,true,4,0,1,1,true,false,0,0
10,105,804,0,0,0,,true,true,1,0,1,1,true,false,0,0
10,106,805,9,9,0,48,false,false,0,0,0,0,false,false,0,0
10,107,806,0,0,0,,false,false,0,0,0,0,false,false,0,0
10,108,819,0,0,0,,true,true,3,2,1,1,true,false,0,0
10,109,827,24,24,0,656,true,true,9,56,7,7,true,false,0,0
10,110,832,1,1,0,336,false,false,0,0,0,0,false,false,0,0
10,111,849,0,0,0,,false,false,0,0,0,0,false,false,0,0
10,112,857,31,31,0,912,true,true,18,42,6,6,true,false,0,0
10,113,859,0,0,0,,true,true,7,2,2,2,true,false,0,0
10,114,915,5,5,0,448,true,true,28,71,1,1,true,false,0,0
10,115,938,0,0,0,,true,true,1,0,1,1,true,false,0,0
10,116,939,11,11,0,64,true,true,9,23,2,2,true,false,0,0
10,117,947,2,2,0,80,false,false,0,0,0,0,false,false,0,0
10,118,1006,0,0,0,,true,true,2,0,1,1,true,false,0,0
10,119,1015,8,8,0,32,true,true,3,0,1,1,true,false,0,0
10,120,1031,4,4,0,64,true,true,2,0,1,1,true,false,0,0
10,121,1038,9,9,0,80,true,true,27,0,1,1,true,false,0,0
10,122,1040,0,0,0,,true,true,6,0,1,1,true,false,0,0
10,123,1047,1,0,1,,true,true,23,0,1,1,true,false,0,0
10,124,1067,6,6,0,64,true,true,1,0,1,1,true,false,0,0
10,125,1068,5,5,0,1120,true,true,36,73,11,11,true,false,0,0
10,126,1073,1,1,0,77344,false,false,0,0,0,0,false,false,0,0
10,127,1076,1,0,1,,true,true,32,0,1,1,true,false,0,0
10,128,1085,0,0,0,,true,true,1,0,1,1,true,false,0,0
10,129,1086,0,0,0,,true,true,1,0,1,1,true,false,0,0
10,130,1087,0,0,0,,true,true,1,0,1,1,true,false,0,0
10,131,1088,0,0,0,,true,true,1,0,1,1,true,false,0,0
10,132,1089,0,0,0,,true,true,1,0,1,1,true,false,0,0
10,133,1090,0,0,0,,true,true,2,0,1,1,true,false,0,0
10,134,1100,5,0,5,,true,true,6,0,1,1,true,false,0,0
10,135,1122,0,0,0,,true,true,4,0,1,1,true,false,0,0
10,136,1134,2,2,0,128,true,true,2,1,2,2,true,false,0,0
10,137,1137,0,0,0,,true,true,1,5,2,2,true,false,0,0
10,138,1138,0,0,0,,true,true,1,5,216,216,true,false,0,0
10,139,1141,4,4,0,208,true,true,3,0,1,1,true,false,0,0
10,140,1143,0,0,0,,true,true,9,3,1,1,true,false,0,0
10,141,1146,0,0,0,,true,true,4,4,2,2,true,false,0,0
10,142,1192,0,0,0,,true,true,3,0,1,1,true,false,0,0
10,143,1196,7,7,0,688,true,true,15,39,6,6,true,false,0,0
10,144,1199,51,51,0,688,true,true,17,48,5,5,true,false,0,0
10,145,1202,65,65,0,752,true,true,9,38,16,16,true,false,0,0
10,146,1204,0,0,0,,true,true,1,0,1,1,true,false,0,0
10,147,1229,5,5,0,528,true,true,26,20,10,10,true,false,0,0
10,148,1240,4,4,0,32,false,false,0,0,0,0,false,false,0,0
10,149,1251,0,0,0,,false,false,0,0,0,0,false,false,0,0
10,150,1258,0,0,0,,true,true,1,0,1,1,true,false,0,0
10,151,1282,1,1,0,32,true,true,3,0,1,1,true,false,0,0
10,152,1289,0,0,0,,true,true,11,3,3,3,true,false,0,0
10,153,1290,0,0,0,,true,true,10,2,3,3,true,false,0,0
10,154,1301,5,5,0,16,true,true,9,0,1,1,true,false,0,0
10,155,1302,5,5,0,80,true,true,6,0,1,1,true,false,0,0
10,156,1305,3,0,3,,true,true,3,0,1,1,true,false,0,0
10,157,1326,1,1,0,16,true,true,6,2,1,1,true,false,0,0
10,158,1344,1,1,0,48,false,false,0,0,0,0,false,false,0,0
10,159,1346,1,1,0,32,true,true,11,0,1,1,true,false,0,0
10,160,1378,2,2,0,32,true,true,1,0,1,1,true,false,0,0
10,161,1421,1,1,0,80,true,true,7,0,1,1,true,false,0,0
10,162,1424,2,2,0,80,true,true,5,0,1,1,true,false,0,0
10,163,1433,0,0,0,,true,true,2,3,1,1,true,false,0,0
10,164,1438,0,0,0,,true,true,2,1,1,1,true,false,0,0
10,165,1447,0,0,0,,true,true,2,1,1,1,true,false,0,0
10,166,1449,0,0,0,,true,true,3,0,1,1,true,false,0,0
10,167,1526,0,0,0,,true,true,2,1,1,1,true,false,0,0
10,168,1528,0,0,0,,true,true,2,1,1,1,true,false,0,0
10,169,1529,0,0,0,,true,true,3,1,1,1,true,false,0,0
10,170,1533,0,0,0,,true,true,3,1,1,1,true,false,0,0
10,171,1534,0,0,0,,true,true,10,1,1,1,true,false,0,0
10,172,1537,0,0,0,,true,true,5,1,1,1,true,false,0,0
10,173,1544,14,14,0,192,false,false,0,0,0,0,false,false,0,0
10,174,1555,1,0,1,,false,false,0,0,0,0,false,false,0,0
10,175,1564,28,28,0,128,true,true,3,25,2,2,true,false,0,0
10,176,1571,0,0,0,,true,true,1,1,1,1,true,false,0,0
10,177,1572,0,0,0,,true,true,1,1,1,1,true,false,0,0
10,178,1702,0,0,0,,true,true,2,1,1,1,true,false,0,0
10,179,1703,0,0,0,,true,true,5,1,1,1,true,false,0,0
10,180,1704,0,0,0,,true,true,5,1,1,1,true,false,0,0
10,181,1806,0,0,0,,true,true,1,0,1,1,true,false,0,0
10,182,1807,0,0,0,,true,true,1,0,1,1,true,false,0,0
10,183,1855,24,0,24,,true,true,2,0,1,1,true,false,0,0
10,184,1856,24,0,24,,true,true,5,0,1,1,true,false,0,0
10,185,1857,0,0,0,,true,true,6,0,1,1,true,false,0,0
10,186,1858,0,0,0,,true,true,1,0,1,1,true,false,0,0
10,187,1871,0,0,0,,true,true,1,0,1,1,true,false,0,0
10,188,1872,0,0,0,,true,true,2,0,1,1,true,false,0,0
10,189,1900,0,0,0,,true,true,7,62,4,3,true,false,0,0
10,190,1909,0,0,0,,true,true,1,1,1,1,true,false,0,0
10,191,1914,0,0,0,,true,true,1,1,1,1,true,false,0,0
10,192,1915,0,0,0,,true,true,2,1,1,1,true,false,0,0
10,193,1916,0,0,0,,true,true,1,1,1,1,true,false,0,0
10,194,1921,0,0,0,,true,true,3,0,1,1,true,false,0,0
10,195,1973,5,5,0,240,true,true,20,9,1,1,true,false,0,0
11,0,0,1,1,0,32,true,true,63,111,134,0,true,true,256,96
11,1,1,0,0,0,,true,false,0,20,23,23,true,false,0,0
11,2,2,0,0,0,,true,false,0,20,23,23,true,false,0,0
11,3,1007,0,0,0,,true,true,1,0,1,1,true,false,0,0
11,4,10,0,0,0,,true,true,44,75,1,1,true,false,0,0
11,5,11,1,1,0,160,true,true,26,45,5,5,true,false,0,0
11,6,12,0,0,0,,true,true,22,92,10,0,false,false,0,0
11,7,13,26,26,0,112,true,true,1,1,2,1,true,false,0,0
11,8,14,14,14,0,128,true,true,1,0,1,1,true,false,0,0
11,9,15,0,0,0,,true,true,2,0,1,1,true,false,0,0
11,10,16,0,0,0,,true,true,4,0,1,1,true,false,0,0
11,11,23,1,0,1,,true,true,10,3,3,3,true,false,0,0
11,12,37,0,0,0,,true,true,2,1,1,1,true,false,0,0
11,13,65,1,1,0,16,true,true,3,0,1,1,true,false,0,0
11,14,71,0,0,0,,false,false,0,0,0,0,false,false,0,0
11,15,74,0,0,0,,true,true,7,2,4,3,true,false,0,0
11,16,90,1,1,0,400,true,true,38,91,2,2,true,false,0,0
11,17,112,0,0,0,,true,true,3,0,1,1,true,false,0,0
11,18,114,1,1,0,736,true,true,33,94,7,7,true,false,0,0
11,19,121,0,0,0,,true,true,3,0,1,1,true,false,0,0
11,20,122,0,0,0,,true,true,1,0,1,1,true,false,0,0
11,21,149,0,0,0,,true,true,1,0,1,1,true,false,0,0
11,22,153,0,0,0,,true,true,1,0,1,1,true,false,0,0
11,23,157,0,0,0,,false,false,0,0,0,0,false,false,0,0
11,24,163,0,0,0,,false,false,0,0,0,0,false,false,0,0
11,25,166,0,0,0,,true,true,1,0,1,1,true,false,0,0
11,26,167,0,0,0,,false,false,0,0,0,0,false,false,0,0
11,27,168,0,0,0,,false,false,0,0,0,0,false,false,0,0
11,28,172,0,0,0,,true,true,3,4,1,1,true,false,0,0
11,29,173,0,0,0,,true,true,8,5,3,3,true,false,0,0
11,30,175,0,0,0,,false,false,0,0,0,0,false,false,0,0
11,31,176,0,0,0,,false,false,0,0,0,0,false,false,0,0
11,32,177,0,0,0,,false,false,0,0,0,0,false,false,0,0
11,33,179,0,0,0,,true,true,3,0,1,1,true,false,0,0
11,34,180,0,0,0,,false,false,0,0,0,0,false,false,0,0
11,35,185,0,0,0,,false,false,0,0,0,0,false,false,0,0
11,36,186,0,0,0,,true,true,14,38,11,8,true,false,0,0
11,37,188,0,0,0,,false,false,0,0,0,0,false,false,0,0
11,38,190,0,0,0,,false,false,0,0,0,0,false,false,0,0
11,39,192,0,0,0,,false,false,0,0,0,0,false,false,0,0
11,40,195,0,0,0,,true,true,10,5,3,3,true,false,0,0
11,41,203,0,0,0,,true,true,9,62,4,3,true,false,0,0
11,42,204,0,0,0,,true,true,2,0,1,1,true,false,0,0
11,43,208,0,0,0,,false,false,0,0,0,0,false,false,0,0
11,44,209,0,0,0,,true,true,6,9,8,8,true,false,0,0
11,45,213,0,0,0,,true,true,3,0,1,1,true,false,0,0
11,46,214,0,0,0,,true,true,3,0,1,1,true,false,0,0
11,47,222,0,0,0,,true,true,2,0,1,1,true,false,0,0
11,48,223,0,0,0,,true,true,2,0,1,1,true,false,0,0
11,49,225,0,0,0,,true,true,3,0,1,1,true,false,0,0
11,50,226,0,0,0,,true,true,3,0,1,1,true,false,0,0
11,51,229,0,0,0,,false,false,0,0,0,0,false,false,0,0
11,52,230,0,0,0,,true,true,2,0,1,1,true,false,0,0
11,53,270,0,0,0,,true,true,5,43,5,4,true,false,0,0
11,54,298,1,1,0,400,true,true,23,61,2,2,true,false,0,0
11,55,305,0,0,0,,false,false,0,0,0,0,false,false,0,0
11,56,315,0,0,0,,true,true,4,0,1,1,true,false,0,0
11,57,318,5,5,0,80,true,true,5,0,1,1,true,false,0,0
11,58,341,1,1,0,48,true,true,13,9,4,4,true,false,0,0
11,59,348,0,0,0,,true,true,1,0,1,1,true,false,0,0
11,60,349,0,0,0,,true,true,1,0,1,1,true,false,0,0
11,61,354,0,0,0,,true,true,1,0,1,1,true,false,0,0
11,62,355,0,0,0,,true,true,1,0,1,1,true,false,0,0
11,63,356,0,0,0,,true,true,1,0,1,1,true,false,0,0
11,64,357,0,0,0,,true,true,1,0,1,1,true,false,0,0
11,65,358,0,0,0,,true,true,1,0,1,1,true,false,0,0
11,66,359,0,0,0,,true,true,1,0,1,1,true,false,0,0
11,67,361,1,1,0,64,false,false,0,0,0,0,false,false,0,0
11,68,363,0,0,0,,true,true,1,0,1,1,true,false,0,0
11,69,364,0,0,0,,true,true,1,0,1,1,true,false,0,0
11,70,407,0,0,0,,true,true,3,2,3,3,true,false,0,0
11,71,428,0,0,0,,true,true,1,0,1,1,true,false,0,0
11,72,433,0,0,0,,true,true,11,22,4,3,true,false,0,0
11,73,446,0,0,0,,true,true,10,16,1,1,true,false,0,0
11,74,454,0,0,0,,false,false,0,0,0,0,false,false,0,0
11,75,457,0,0,0,,true,true,3,2,1,1,true,false,0,0
11,76,479,0,0,0,,true,true,5,10,1,1,true,false,0,0
11,77,483,0,0,0,,false,false,0,0,0,0,false,false,0,0
11,78,500,156,156,0,256,true,true,2,0,1,1,true,false,0,0
11,79,501,6,6,0,256,true,true,4,0,1,1,true,false,0,0
11,80,502,22,22,0,256,true,true,5,0,1,1,true,false,0,0
11,81,505,66,66,0,256,true,true,6,0,1,1,true,false,0,0
11,82,511,18,18,0,256,true,true,2,0,1,1,true,false,0,0
11,83,562,0,0,0,,false,false,0,0,0,0,false,false,0,0
11,84,572,12,12,0,688,true,true,18,77,4,4,true,false,0,0
11,85,585,0,0,0,,false,false,0,0,0,0,false,false,0,0
11,86,601,0,0,0,,true,true,22,33,18,18,true,false,0,0
11,87,604,1,1,0,16,true,true,12,13,7,7,true,false,0,0
11,88,605,21,21,0,32,false,false,0,0,0,0,false,false,0,0
11,89,607,0,0,0,,true,true,17,36,9,9,true,false,0,0
11,90,608,0,0,0,,true,true,6,15,9,9,true,false,0,0
11,91,609,0,0,0,,true,true,7,10,5,5,true,false,0,0
11,92,614,0,0,0,,true,true,8,1,1,1,true,false,0,0
11,93,615,3,3,0,288,true,true,14,16,1,1,true,false,0,0
11,94,618,0,0,0,,true,true,7,5,1,1,true,false,0,0
11,95,619,0,0,0,,false,false,0,0,0,0,false,false,0,0
11,96,634,0,0,0,,true,true,26,75,9,8,true,false,0,0
11,97,639,0,0,0,,true,true,1,0,1,1,true,false,0,0
11,98,657,0,0,0,,true,true,1,3,2,1,true,false,0,0
11,99,692,0,0,0,,true,true,3,2,1,1,true,false,0,0
11,100,693,0,0,0,,true,true,2,1,1,1,true,false,0,0
11,101,758,1,1,0,64,true,true,2,1,1,1,true,false,0,0
11,102,775,0,0,0,,true,true,1,0,1,1,true,false,0,0
11,103,803,1,1,0,64,true,true,4,0,1,1,true,false,0,0
11,104,804,0,0,0,,true,true,1,0,1,1,true,false,0,0
11,105,805,5,5,0,48,false,false,0,0,0,0,false,false,0,0
11,106,806,0,0,0,,false,false,0,0,0,0,false,false,0,0
11,107,819,0,0,0,,true,true,3,2,1,1,true,false,0,0
11,108,830,1,1,0,16,true,true,7,0,1,1,true,false,0,0
11,109,832,1,1,0,336,false,false,0,0,0,0,false,false,0,0
11,110,849,0,0,0,,false,false,0,0,0,0,false,false,0,0
11,111,865,24,24,0,688,true,true,17,75,6,6,true,false,0,0
11,112,866,48,48,0,688,true,true,17,78,7,7,true,false,0,0
11,113,1006,0,0,0,,true,true,2,0,1,1,true,false,0,0
11,114,1009,0,0,0,,true,true,6,0,1,1,true,false,0,0
11,115,1017,0,0,0,,true,true,4,0,1,1,true,false,0,0
11,116,1034,0,0,0,,true,true,3,3,2,2,true,false,0,0
11,117,1075,2,2,0,512,true,true,72,8,2,2,true,false,0,0
11,118,1111,1,1,0,48,false,false,0,0,0,0,false,false,0,0
11,119,1134,1,1,0,128,true,true,2,1,2,2,true,false,0,0
11,120,1137,0,0,0,,true,true,1,5,2,2,true,false,0,0
11,121,1138,0,0,0,,true,true,1,5,216,216,true,false,0,0
11,122,1143,0,0,0,,true,true,9,3,1,1,true,false,0,0
11,123,1146,0,0,0,,true,true,4,4,2,2,true,false,0,0
11,124,1152,0,0,0,,true,true,2,0,1,1,true,false,0,0
11,125,1153,0,0,0,,true,true,1,0,1,1,true,false,0,0
11,126,1154,0,0,0,,true,true,4,0,1,1,true,false,0,0
11,127,1155,0,0,0,,true,true,5,0,1,1,true,false,0,0
11,128,1156,1,1,0,16,true,true,1,0,1,1,true,false,0,0
11,129,1157,1,1,0,224,true,true,2,0,1,1,true,false,0,0
11,130,1158,14,14,0,16,true,true,1,0,1,1,true,false,0,0
11,131,1159,3,3,0,32,true,true,5,0,1,1,true,false,0,0
11,132,1161,2,0,2,,true,true,15,0,1,1,true,false,0,0
11,133,1162,2,0,2,,true,true,21,0,1,1,true,false,0,0
11,134,1163,2,0,2,,true,true,4,0,1,1,true,false,0,0
11,135,1164,2,0,2,,true,true,7,0,1,1,true,false,0,0
11,136,1165,5,0,5,,true,true,2,0,1,1,true,false,0,0
11,137,1166,2,0,2,,true,true,3,0,1,1,true,false,0,0
11,138,1175,4,0,4,,true,true,3,0,1,1,true,false,0,0
11,139,1176,2,0,2,,true,true,3,0,1,1,true,false,0,0
11,140,1178,4,4,0,128,true,true,3,0,1,1,true,false,0,0
11,141,1179,2,2,0,112,true,true,4,0,1,1,true,false,0,0
11,142,1180,1,1,0,16,true,true,2,0,1,1,true,false,0,0
11,143,1192,0,0,0,,true,true,3,0,1,1,true,false,0,0
11,144,1204,0,0,0,,true,true,1,0,1,1,true,false,0,0
11,145,1207,0,0,0,,true,true,1,0,1,1,true,false,0,0
11,146,1218,0,0,0,,true,true,2,1,1,1,true,false,0,0
11,147,1219,0,0,0,,true,true,3,25,5,5,true,false,0,0
11,148,1220,0,0,0,,true,true,6,1,1,1,true,false,0,0
11,149,1231,7,7,0,544,true,true,17,65,7,7,true,false,0,0
11,150,1242,1,1,0,320,true,true,26,40,1,1,true,false,0,0
11,151,1246,126,126,0,704,true,true,4,44,8,8,true,false,0,0
11,152,1247,0,0,0,,true,true,7,0,1,1,true,false,0,0
11,153,1248,6,6,0,32,true,true,6,0,1,1,true,false,0,0
11,154,1251,0,0,0,,false,false,0,0,0,0,false,false,0,0
11,155,1264,4,4,0,272,true,true,29,0,1,1,true,false,0,0
11,156,1265,0,0,0,,true,true,13,0,1,1,true,false,0,0
11,157,1289,0,0,0,,true,true,11,3,3,3,true,false,0,0
11,158,1290,0,0,0,,true,true,10,2,3,3,true,false,0,0
11,159,1297,0,0,0,,true,true,6,0,1,1,true,false,0,0
11,160,1319,52,52,0,720,true,true,19,20,2,2,true,false,0,0
11,161,1350,1,1,0,16,false,false,0,0,0,0,false,false,0,0
11,162,1438,0,0,0,,true,true,2,1,1,1,true,false,0,0
11,163,1447,0,0,0,,true,true,2,1,1,1,true,false,0,0
11,164,1449,0,0,0,,true,true,3,0,1,1,true,false,0,0
11,165,1524,0,0,0,,true,true,3,0,1,1,true,false,0,0
11,166,1538,0,0,0,,true,true,2,1,1,1,true,false,0,0
11,167,1539,0,0,0,,true,true,3,1,1,1,true,false,0,0
11,168,1633,0,0,0,,true,true,3,2,2,2,true,false,0,0
11,169,1818,1,1,0,208,true,true,19,49,3,3,true,false,0,0
11,170,1859,29,0,29,,true,true,8,0,1,1,true,false,0,0
11,171,1860,0,0,0,,true,true,7,0,1,1,true,false,0,0
11,172,1861,0,0,0,,true,true,1,0,1,1,true,false,0,0
11,173,1871,0,0,0,,true,true,1,0,1,1,true,false,0,0
11,174,1872,0,0,0,,true,true,2,0,1,1,true,false,0,0
11,175,1900,0,0,0,,true,true,7,62,4,3,true,false,0,0
11,176,1903,1,0,1,,false,false,0,0,0,0,false,false,0,0
11,177,1919,1,1,0,16,false,false,0,0,0,0,false,false,0,0
11,178,1924,0,0,0,,true,true,2,1,1,1,true,false,0,0
11,179,1925,0,0,0,,true,true,3,1,1,1,true,false,0,0
11,180,1926,0,0,0,,true,true,3,1,1,1,true,false,0,0
11,181,1927,0,0,0,,true,true,1,1,1,1,true,false,0,0
12,0,0,1,0,1,,true,true,63,111,134,0,true,true,256,105
12,1,1,0,0,0,,true,false,0,20,23,23,true,false,0,0
12,2,2,0,0,0,,true,false,0,20,23,23,true,false,0,0
12,3,1007,0,0,0,,true,true,1,0,1,1,true,false,0,0
12,4,9,25,0,25,,true,true,1,0,1,1,true,false,0,0
12,5,10,0,0,0,,true,true,44,75,1,1,true,false,0,0
12,6,11,1,1,0,160,true,true,26,45,5,5,true,false,0,0
12,7,12,0,0,0,,true,true,22,92,10,0,false,false,0,0
12,8,13,97,97,0,112,true,true,1,1,2,1,true,false,0,0
12,9,14,0,0,0,,true,true,1,0,1,1,true,false,0,0
12,10,15,0,0,0,,true,true,2,0,1,1,true,false,0,0
12,11,16,0,0,0,,true,true,4,0,1,1,true,false,0,0
12,12,19,16,16,0,48,true,true,1,0,1,1,true,false,0,0
12,13,37,0,0,0,,true,true,2,1,1,1,true,false,0,0
12,14,71,0,0,0,,false,false,0,0,0,0,false,false,0,0
12,15,74,0,0,0,,true,true,7,2,4,3,true,false,0,0
12,16,112,0,0,0,,true,true,3,0,1,1,true,false,0,0
12,17,121,0,0,0,,true,true,3,0,1,1,true,false,0,0
12,18,122,0,0,0,,true,true,1,0,1,1,true,false,0,0
12,19,149,0,0,0,,true,true,1,0,1,1,true,false,0,0
12,20,153,0,0,0,,true,true,1,0,1,1,true,false,0,0
12,21,157,0,0,0,,false,false,0,0,0,0,false,false,0,0
12,22,163,0,0,0,,false,false,0,0,0,0,false,false,0,0
12,23,164,0,0,0,,true,true,17,40,6,6,true,false,0,0
12,24,166,0,0,0,,true,true,1,0,1,1,true,false,0,0
12,25,167,0,0,0,,false,false,0,0,0,0,false,false,0,0
12,26,168,0,0,0,,false,false,0,0,0,0,false,false,0,0
12,27,172,0,0,0,,true,true,3,4,1,1,true,false,0,0
12,28,173,0,0,0,,true,true,8,5,3,3,true,false,0,0
12,29,175,0,0,0,,false,false,0,0,0,0,false,false,0,0
12,30,176,0,0,0,,false,false,0,0,0,0,false,false,0,0
12,31,177,0,0,0,,false,false,0,0,0,0,false,false,0,0
12,32,178,0,0,0,,true,true,1,0,1,1,true,false,0,0
12,33,179,0,0,0,,true,true,3,0,1,1,true,false,0,0
12,34,180,0,0,0,,false,false,0,0,0,0,false,false,0,0
12,35,184,0,0,0,,true,true,1,0,1,1,true,false,0,0
12,36,185,0,0,0,,false,false,0,0,0,0,false,false,0,0
12,37,186,0,0,0,,true,true,14,38,11,8,true,false,0,0
12,38,188,0,0,0,,false,false,0,0,0,0,false,false,0,0
12,39,190,0,0,0,,false,false,0,0,0,0,false,false,0,0
12,40,192,0,0,0,,false,false,0,0,0,0,false,false,0,0
12,41,195,0,0,0,,true,true,10,5,3,3,true,false,0,0
12,42,203,0,0,0,,true,true,9,62,4,3,true,false,0,0
12,43,204,0,0,0,,true,true,2,0,1,1,true,false,0,0
12,44,208,0,0,0,,false,false,0,0,0,0,false,false,0,0
12,45,209,0,0,0,,true,true,6,9,8,8,true,false,0,0
12,46,213,0,0,0,,true,true,3,0,1,1,true,false,0,0
12,47,214,0,0,0,,true,true,3,0,1,1,true,false,0,0
12,48,222,0,0,0,,true,true,2,0,1,1,true,false,0,0
12,49,223,0,0,0,,true,true,2,0,1,1,true,false,0,0
12,50,225,0,0,0,,true,true,3,0,1,1,true,false,0,0
12,51,226,0,0,0,,true,true,3,0,1,1,true,false,0,0
12,52,229,0,0,0,,false,false,0,0,0,0,false,false,0,0
12,53,230,0,0,0,,true,true,2,0,1,1,true,false,0,0
12,54,238,71,71,0,752,true,true,20,72,18,18,true,false,0,0
12,55,240,8,8,0,256,true,true,16,0,1,1,true,false,0,0
12,56,258,1,1,0,128,false,false,0,0,0,0,false,false,0,0
12,57,270,0,0,0,,true,true,5,43,5,4,true,false,0,0
12,58,282,1,1,0,400,true,true,31,88,1,1,true,false,0,0
12,59,287,0,0,0,,true,true,10,5,1,1,true,false,0,0
12,60,293,1,1,0,16,false,false,0,0,0,0,false,false,0,0
12,61,294,40,40,0,672,true,true,45,90,11,11,true,false,0,0
12,62,296,25,25,0,176,true,true,8,37,4,4,true,false,0,0
12,63,305,0,0,0,,false,false,0,0,0,0,false,false,0,0
12,64,315,0,0,0,,true,true,4,0,1,1,true,false,0,0
12,65,326,8,8,0,272,true,true,25,9,1,1,true,false,0,0
12,66,328,1,1,0,400,true,true,40,97,2,2,true,false,0,0
12,67,336,11,11,0,176,true,true,18,2,1,1,true,false,0,0
12,68,339,9,0,9,,true,true,10,9,7,7,true,false,0,0
12,69,341,6,6,0,48,true,true,13,9,4,4,true,false,0,0
12,70,346,1,1,0,160,false,false,0,0,0,0,false,false,0,0
12,71,348,0,0,0,,true,true,1,0,1,1,true,false,0,0
12,72,349,0,0,0,,true,true,1,0,1,1,true,false,0,0
12,73,354,0,0,0,,true,true,1,0,1,1,true,false,0,0
12,74,355,0,0,0,,true,true,1,0,1,1,true,false,0,0
12,75,356,0,0,0,,true,true,1,0,1,1,true,false,0,0
12,76,357,0,0,0,,true,true,1,0,1,1,true,false,0,0
12,77,358,0,0,0,,true,true,1,0,1,1,true,false,0,0
12,78,359,0,0,0,,true,true,1,0,1,1,true,false,0,0
12,79,363,0,0,0,,true,true,1,0,1,1,true,false,0,0
12,80,364,0,0,0,,true,true,1,0,1,1,true,false,0,0
12,81,384,3,3,0,32,true,true,3,0,1,1,true,false,0,0
12,82,406,0,0,0,,true,true,3,2,1,1,true,false,0,0
12,83,407,0,0,0,,true,true,3,2,3,3,true,false,0,0
12,84,409,0,0,0,,true,true,3,2,1,1,true,false,0,0
12,85,422,1,1,0,16,false,false,0,0,0,0,false,false,0,0
12,86,428,0,0,0,,true,true,1,0,1,1,true,false,0,0
12,87,433,0,0,0,,true,true,11,22,4,3,true,false,0,0
12,88,454,0,0,0,,false,false,0,0,0,0,false,false,0,0
12,89,457,0,0,0,,true,true,3,2,1,1,true,false,0,0
12,90,458,0,0,0,,true,true,3,2,1,1,true,false,0,0
12,91,479,0,0,0,,true,true,5,10,1,1,true,false,0,0
12,92,483,0,0,0,,false,false,0,0,0,0,false,false,0,0
12,93,499,0,0,0,,true,true,8,5,1,1,true,false,0,0
12,94,500,108,108,0,256,true,true,2,0,1,1,true,false,0,0
12,95,501,11,11,0,256,true,true,4,0,1,1,true,false,0,0
12,96,502,10,10,0,256,true,true,5,0,1,1,true,false,0,0
12,97,505,55,55,0,256,true,true,6,0,1,1,true,false,0,0
12,98,511,24,24,0,256,true,true,2,0,1,1,true,false,0,0
12,99,562,0,0,0,,false,false,0,0,0,0,false,false,0,0
12,100,585,0,0,0,,false,false,0,0,0,0,false,false,0,0
12,101,601,0,0,0,,true,true,22,33,18,18,true,false,0,0
12,102,604,1,1,0,16,true,true,12,13,7,7,true,false,0,0
12,103,605,20,20,0,32,false,false,0,0,0,0,false,false,0,0
12,104,607,0,0,0,,true,true,17,36,9,9,true,false,0,0
12,105,608,0,0,0,,true,true,6,15,9,9,true,false,0,0
12,106,609,0,0,0,,true,true,7,10,5,5,true,false,0,0
12,107,614,0,0,0,,true,true,8,1,1,1,true,false,0,0
12,108,618,0,0,0,,true,true,7,5,1,1,true,false,0,0
12,109,619,0,0,0,,false,false,0,0,0,0,false,false,0,0
12,110,634,0,0,0,,true,true,26,75,9,8,true,false,0,0
12,111,639,0,0,0,,true,true,1,0,1,1,true,false,0,0
12,112,657,0,0,0,,true,true,1,3,2,1,true,false,0,0
12,113,750,0,0,0,,true,true,19,43,5,5,true,false,0,0
12,114,758,5,5,0,64,true,true,2,1,1,1,true,false,0,0
12,115,775,0,0,0,,true,true,1,0,1,1,true,false,0,0
12,116,804,0,0,0,,true,true,1,0,1,1,true,false,0,0
12,117,805,6,6,0,48,false,false,0,0,0,0,false,false,0,0
12,118,806,0,0,0,,false,false,0,0,0,0,false,false,0,0
12,119,832,1,1,0,336,false,false,0,0,0,0,false,false,0,0
12,120,849,0,0,0,,false,false,0,0,0,0,false,false,0,0
12,121,886,9,9,0,32,true,true,2,0,1,1,true,false,0,0
12,122,1006,0,0,0,,true,true,2,0,1,1,true,false,0,0
12,123,1134,2,2,0,128,true,true,2,1,2,2,true,false,0,0
12,124,1135,2,2,0,80,true,true,5,0,1,1,true,false,0,0
12,125,1137,0,0,0,,true,true,1,5,2,2,true,false,0,0
12,126,1138,0,0,0,,true,true,1,5,216,216,true,false,0,0
12,127,1143,0,0,0,,true,true,9,3,1,1,true,false,0,0
12,128,1146,0,0,0,,true,true,4,4,2,2,true,false,0,0
12,129,1162,1,0,1,,true,true,21,0,1,1,true,false,0,0
12,130,1163,2,0,2,,true,true,4,0,1,1,true,false,0,0
12,131,1164,3,0,3,,true,true,7,0,1,1,true,false,0,0
12,132,1165,3,0,3,,true,true,2,0,1,1,true,false,0,0
12,133,1192,0,0,0,,true,true,3,0,1,1,true,false,0,0
12,134,1204,0,0,0,,true,true,1,0,1,1,true,false,0,0
12,135,1205,1,0,1,,true,true,17,0,1,1,true,false,0,0
12,136,1217,3,0,3,,true,true,5,1,2,2,true,false,0,0
12,137,1221,0,0,0,,true,true,1,1,1,1,true,false,0,0
12,138,1222,0,0,0,,true,true,2,1,1,1,true,false,0,0
12,139,1251,0,0,0,,false,false,0,0,0,0,false,false,0,0
12,140,1259,18,18,0,9024,true,true,5,4,1,1,true,false,0,0
12,141,1267,1,1,0,176,true,true,32,10,6,6,true,false,0,0
12,142,1269,20,20,0,144,true,true,7,2,3,3,true,false,0,0
12,143,1272,1,0,1,,true,true,19,0,1,1,true,false,0,0
12,144,1273,1,0,1,,true,true,21,0,1,1,true,false,0,0
12,145,1274,1,1,0,1584,true,true,33,0,1,1,true,false,0,0
12,146,1275,1,0,1,,true,true,19,0,1,1,true,false,0,0
12,147,1276,1,0,1,,true,true,19,0,1,1,true,false,0,0
12,148,1277,6,0,6,,true,true,10,2,1,1,true,false,0,0
12,149,1278,5,5,0,160,true,true,5,4,1,1,true,false,0,0
12,150,1279,1,0,1,,true,true,12,0,1,1,true,false,0,0
12,151,1280,1,1,0,32,true,true,21,2,1,1,true,false,0,0
12,152,1281,4,4,0,256,true,true,3,7,4,4,true,false,0,0
12,153,1289,0,0,0,,true,true,11,3,3,3,true,false,0,0
12,154,1290,0,0,0,,true,true,10,2,3,3,true,false,0,0
12,155,1322,0,0,0,,true,true,1,0,1,1,true,false,0,0
12,156,1345,3,3,0,16,true,true,1,0,1,1,true,false,0,0
12,157,1371,0,0,0,,true,true,40,78,2,2,true,false,0,0
12,158,1400,1,1,0,208,false,false,0,0,0,0,false,false,0,0
12,159,1404,2,2,0,16,false,false,0,0,0,0,false,false,0,0
12,160,1438,0,0,0,,true,true,2,1,1,1,true,false,0,0
12,161,1447,0,0,0,,true,true,2,1,1,1,true,false,0,0
12,162,1449,0,0,0,,true,true,3,0,1,1,true,false,0,0
12,163,1557,1,0,1,,false,false,0,0,0,0,false,false,0,0
12,164,1633,0,0,0,,true,true,3,2,2,2,true,false,0,0
12,165,1818,1,1,0,208,true,true,19,49,3,3,true,false,0,0
12,166,1862,31,0,31,,true,true,17,0,1,1,true,false,0,0
12,167,1863,0,0,0,,true,true,15,0,1,1,true,false,0,0
12,168,1864,0,0,0,,true,true,1,0,1,1,true,false,0,0
12,169,1871,0,0,0,,true,true,1,0,1,1,true,false,0,0
12,170,1872,0,0,0,,true,true,2,0,1,1,true,false,0,0
12,171,1900,0,0,0,,true,true,7,62,4,3,true,false,0,0
12,172,1901,1,1,0,16,false,false,0,0,0,0,false,false,0,0
13,0,0,1,0,1,,true,true,63,111,134,0,true,true,256,86
13,1,1,0,0,0,,true,false,0,20,23,23,true,false,0,0
13,2,2,0,0,0,,true,false,0,20,23,23,true,false,0,0
13,3,726,1,1,0,208,true,true,11,1,1,1,true,false,0,0
13,4,1007,0,0,0,,true,true,1,0,1,1,true,false,0,0
13,5,6,4,4,0,64,false,false,0,0,0,0,false,false,0,0
13,6,10,0,0,0,,true,true,44,75,1,1,true,false,0,0
13,7,11,2,2,0,160,true,true,26,45,5,5,true,false,0,0
13,8,12,0,0,0,,true,true,22,92,10,0,false,false,0,0
13,9,13,0,0,0,,true,true,1,1,2,1,true,false,0,0
13,10,14,0,0,0,,true,true,1,0,1,1,true,false,0,0
13,11,15,0,0,0,,true,true,2,0,1,1,true,false,0,0
13,12,16,0,0,0,,true,true,4,0,1,1,true,false,0,0
13,13,21,1,1,0,128,true,true,9,0,1,1,true,false,0,0
13,14,29,9,9,0,176,true,true,7,7,2,2,true,false,0,0
13,15,36,0,0,0,,true,true,36,89,4,4,true,false,0,0
13,16,63,85,85,0,624,true,true,21,37,11,11,true,false,0,0
13,17,66,13,0,13,,true,true,11,1,1,1,true,false,0,0
13,18,69,1,1,0,320,true,true,26,40,1,1,true,false,0,0
13,19,70,8,0,8,,true,true,6,2,1,1,true,false,0,0
13,20,71,0,0,0,,false,false,0,0,0,0,false,false,0,0
13,21,74,0,0,0,,true,true,7,2,4,3,true,false,0,0
13,22,82,0,0,0,,true,true,4,3,2,2,true,false,0,0
13,23,83,0,0,0,,true,true,7,2,3,3,true,false,0,0
13,24,91,16,0,16,,true,true,1,0,1,1,true,false,0,0
13,25,101,6,6,0,464,true,true,22,23,8,8,true,false,0,0
13,26,104,2,2,0,224,true,true,7,0,1,1,true,false,0,0
13,27,106,2,2,0,224,true,true,7,0,1,1,true,false,0,0
13,28,110,0,0,0,,true,true,9,12,1,1,true,false,0,0
13,29,111,8,8,0,224,true,true,22,21,1,1,true,false,0,0
13,30,112,0,0,0,,true,true,3,0,1,1,true,false,0,0
13,31,121,0,0,0,,true,true,3,0,1,1,true,false,0,0
13,32,122,0,0,0,,true,true,1,0,1,1,true,false,0,0
13,33,127,8,8,0,64,true,true,4,0,1,1,true,false,0,0
13,34,128,8,8,0,64,true,true,5,0,1,1,true,false,0,0
13,35,129,8,8,0,64,true,true,6,0,1,1,true,false,0,0
13,36,130,8,8,0,64,true,true,5,0,1,1,true,false,0,0
13,37,138,4,0,4,,true,true,1,0,1,1,true,false,0,0
13,38,142,4,0,4,,true,true,2,0,1,1,true,false,0,0
13,39,143,6,0,6,,true,true,2,0,1,1,true,false,0,0
13,40,144,16,0,16,,true,true,1,0,1,1,true,false,0,0
13,41,149,0,0,0,,true,true,1,0,1,1,true,false,0,0
13,42,153,0,0,0,,true,true,1,0,1,1,true,false,0,0
13,43,157,0,0,0,,false,false,0,0,0,0,false,false,0,0
13,44,159,4,4,0,64,true,true,7,0,1,1,true,false,0,0
13,45,163,0,0,0,,false,false,0,0,0,0,false,false,0,0
13,46,166,0,0,0,,true,true,1,0,1,1,true,false,0,0
13,47,167,0,0,0,,false,false,0,0,0,0,false,false,0,0
13,48,168,0,0,0,,false,false,0,0,0,0,false,false,0,0
13,49,169,4,4,0,64,true,true,7,0,1,1,true,false,0,0
13,50,170,5,5,0,128,true,true,31,11,2,2,true,false,0,0
13,51,172,0,0,0,,true,true,3,4,1,1,true,false,0,0
13,52,173,0,0,0,,true,true,8,5,3,3,true,false,0,0
13,53,175,0,0,0,,false,false,0,0,0,0,false,false,0,0
13,54,176,0,0,0,,false,false,0,0,0,0,false,false,0,0
13,55,177,0,0,0,,false,false,0,0,0,0,false,false,0,0
13,56,179,0,0,0,,true,true,3,0,1,1,true,false,0,0
13,57,180,0,0,0,,false,false,0,0,0,0,false,false,0,0
13,58,182,3,3,0,64,true,true,3,0,1,1,true,false,0,0
13,59,183,3,3,0,64,true,true,4,0,1,1,true,false,0,0
13,60,185,0,0,0,,false,false,0,0,0,0,false,false,0,0
13,61,186,0,0,0,,true,true,14,38,11,8,true,false,0,0
13,62,188,0,0,0,,false,false,0,0,0,0,false,false,0,0
13,63,190,0,0,0,,false,false,0,0,0,0,false,false,0,0
13,64,192,0,0,0,,false,false,0,0,0,0,false,false,0,0
13,65,195,0,0,0,,true,true,10,5,3,3,true,false,0,0
13,66,203,0,0,0,,true,true,9,62,4,3,true,false,0,0
13,67,204,0,0,0,,true,true,2,0,1,1,true,false,0,0
13,68,208,0,0,0,,false,false,0,0,0,0,false,false,0,0
13,69,209,0,0,0,,true,true,6,9,8,8,true,false,0,0
13,70,212,130,130,0,80,true,true,36,0,1,1,true,false,0,0
13,71,213,0,0,0,,true,true,3,0,1,1,true,false,0,0
13,72,214,0,0,0,,true,true,3,0,1,1,true,false,0,0
13,73,222,0,0,0,,true,true,2,0,1,1,true,false,0,0
13,74,223,0,0,0,,true,true,2,0,1,1,true,false,0,0
13,75,224,8,8,0,32,true,true,2,1,1,1,true,false,0,0
13,76,225,0,0,0,,true,true,3,0,1,1,true,false,0,0
13,77,226,0,0,0,,true,true,3,0,1,1,true,false,0,0
13,78,228,8,8,0,32,true,true,6,1,1,1,true,false,0,0
13,79,229,0,0,0,,false,false,0,0,0,0,false,false,0,0
13,80,230,0,0,0,,true,true,2,0,1,1,true,false,0,0
13,81,231,4,4,0,144,true,true,1,0,1,1,true,false,0,0
13,82,244,3,3,0,128,true,true,17,0,1,1,true,false,0,0
13,83,258,9,9,0,128,false,false,0,0,0,0,false,false,0,0
13,84,270,0,0,0,,true,true,5,43,5,4,true,false,0,0
13,85,295,0,0,0,,true,true,3,3,2,2,true,false,0,0
13,86,304,10,10,0,80,true,true,24,0,1,1,true,false,0,0
13,87,305,0,0,0,,false,false,0,0,0,0,false,false,0,0
13,88,315,0,0,0,,true,true,4,0,1,1,true,false,0,0
13,89,348,0,0,0,,true,true,1,0,1,1,true,false,0,0
13,90,349,0,0,0,,true,true,1,0,1,1,true,false,0,0
13,91,352,0,0,0,,true,true,9,10,1,1,true,false,0,0
13,92,354,0,0,0,,true,true,1,0,1,1,true,false,0,0
13,93,355,0,0,0,,true,true,1,0,1,1,true,false,0,0
13,94,356,0,0,0,,true,true,1,0,1,1,true,false,0,0
13,95,357,0,0,0,,true,true,1,0,1,1,true,false,0,0
13,96,358,0,0,0,,true,true,1,0,1,1,true,false,0,0
13,97,359,0,0,0,,true,true,1,0,1,1,true,false,0,0
13,98,360,1,1,0,64,true,true,4,0,1,1,true,false,0,0
13,99,363,0,0,0,,true,true,1,0,1,1,true,false,0,0
13,100,364,0,0,0,,true,true,1,0,1,1,true,false,0,0
13,101,383,1,0,1,,true,true,1,0,1,1,true,false,0,0
13,102,385,9,0,9,,true,true,1,0,1,1,true,false,0,0
13,103,388,1,1,0,336,true,true,14,22,1,1,true,false,0,0
13,104,389,0,0,0,,true,true,5,0,1,1,true,false,0,0
13,105,390,0,0,0,,true,true,3,0,1,1,true,false,0,0
13,106,391,0,0,0,,true,true,5,0,1,1,true,false,0,0
13,107,392,0,0,0,,true,true,3,0,1,1,true,false,0,0
13,108,393,0,0,0,,true,true,6,0,1,1,true,false,0,0
13,109,394,0,0,0,,true,true,5,0,1,1,true,false,0,0
13,110,395,0,0,0,,true,true,8,0,1,1,true,false,0,0
13,111,396,0,0,0,,true,true,8,0,1,1,true,false,0,0
13,112,399,0,0,0,,true,true,7,0,1,1,true,false,0,0
13,113,400,0,0,0,,true,true,7,0,1,1,true,false,0,0
13,114,401,0,0,0,,true,true,1,0,1,1,true,false,0,0
13,115,404,2,2,0,16,true,true,17,0,1,1,true,false,0,0
13,116,405,3,3,0,16,true,true,17,0,1,1,true,false,0,0
13,117,407,0,0,0,,true,true,3,2,3,3,true,false,0,0
13,118,428,0,0,0,,true,true,1,0,1,1,true,false,0,0
13,119,433,0,0,0,,true,true,11,22,4,3,true,false,0,0
13,120,447,1,1,0,304,true,true,29,92,2,2,true,false,0,0
13,121,454,0,0,0,,false,false,0,0,0,0,false,false,0,0
13,122,457,0,0,0,,true,true,3,2,1,1,true,false,0,0
13,123,461,0,0,0,,true,true,49,1,1,1,true,false,0,0
13,124,479,0,0,0,,true,true,5,10,1,1,true,false,0,0
13,125,483,0,0,0,,false,false,0,0,0,0,false,false,0,0
13,126,500,329,329,0,256,true,true,2,0,1,1,true,false,0,0
13,127,501,16,16,0,256,true,true,4,0,1,1,true,false,0,0
13,128,505,2,2,0,256,true,true,6,0,1,1,true,false,0,0
13,129,511,24,24,0,256,true,true,2,0,1,1,true,false,0,0
13,130,533,1,1,0,16,true,true,47,38,3,3,true,false,0,0
13,131,537,0,0,0,,true,true,21,1,1,1,true,false,0,0
13,132,558,1,1,0,16,false,false,0,0,0,0,false,false,0,0
13,133,562,0,0,0,,false,false,0,0,0,0,false,false,0,0
13,134,585,0,0,0,,false,false,0,0,0,0,false,false,0,0
13,135,601,0,0,0,,true,true,22,33,18,18,true,false,0,0
13,136,605,20,20,0,32,false,false,0,0,0,0,false,false,0,0
13,137,607,0,0,0,,true,true,17,36,9,9,true,false,0,0
13,138,608,0,0,0,,true,true,6,15,9,9,true,false,0,0
13,139,609,0,0,0,,true,true,7,10,5,5,true,false,0,0
13,140,614,0,0,0,,true,true,8,1,1,1,true,false,0,0
13,141,615,3,3,0,288,true,true,14,16,1,1,true,false,0,0
13,142,618,0,0,0,,true,true,7,5,1,1,true,false,0,0
13,143,619,0,0,0,,false,false,0,0,0,0,false,false,0,0
13,144,634,0,0,0,,true,true,26,75,9,8,true,false,0,0
13,145,639,0,0,0,,true,true,1,0,1,1,true,false,0,0
13,146,657,0,0,0,,true,true,1,3,2,1,true,false,0,0
13,147,667,1,1,0,32,false,false,0,0,0,0,false,false,0,0
13,148,674,1,1,0,32,true,true,1,0,1,1,true,false,0,0
13,149,677,1,1,0,32,true,true,1,0,1,1,true,false,0,0
13,150,680,2,2,0,32,true,true,1,0,1,1,true,false,0,0
13,151,737,1,1,0,64,false,false,0,0,0,0,false,false,0,0
13,152,750,0,0,0,,true,true,19,43,5,5,true,false,0,0
13,153,758,1,1,0,64,true,true,2,1,1,1,true,false,0,0
13,154,775,0,0,0,,true,true,1,0,1,1,true,false,0,0
13,155,803,2,2,0,64,true,true,4,0,1,1,true,false,0,0
13,156,804,0,0,0,,true,true,1,0,1,1,true,false,0,0
13,157,805,6,6,0,48,false,false,0,0,0,0,false,false,0,0
13,158,806,0,0,0,,false,false,0,0,0,0,false,false,0,0
13,159,832,1,1,0,336,false,false,0,0,0,0,false,false,0,0
13,160,849,0,0,0,,false,false,0,0,0,0,false,false,0,0
13,161,913,0,0,0,,true,true,47,36,3,3,true,false,0,0
13,162,1006,0,0,0,,true,true,2,0,1,1,true,false,0,0
13,163,1009,0,0,0,,true,true,6,0,1,1,true,false,0,0
13,164,1017,0,0,0,,true,true,4,0,1,1,true,false,0,0
13,165,1034,0,0,0,,true,true,3,3,2,2,true,false,0,0
13,166,1039,1,1,0,256,false,false,0,0,0,0,false,false,0,0
13,167,1085,0,0,0,,true,true,1,0,1,1,true,false,0,0
13,168,1134,1,1,0,128,true,true,2,1,2,2,true,false,0,0
13,169,1135,2,2,0,80,true,true,5,0,1,1,true,false,0,0
13,170,1137,0,0,0,,true,true,1,5,2,2,true,false,0,0
13,171,1138,0,0,0,,true,true,1,5,216,216,true,false,0,0
13,172,1143,0,0,0,,true,true,9,3,1,1,true,false,0,0
13,173,1146,0,0,0,,true,true,4,4,2,2,true,false,0,0
13,174,1192,0,0,0,,true,true,3,0,1,1,true,false,0,0
13,175,1204,0,0,0,,true,true,1,0,1,1,true,false,0,0
13,176,1233,0,0,0,,true,true,3,2,1,1,true,false,0,0
13,177,1238,0,0,0,,true,true,3,2,2,2,true,false,0,0
13,178,1251,0,0,0,,false,false,0,0,0,0,false,false,0,0
13,179,1261,55,55,0,128,true,true,14,0,1,1,true,false,0,0
13,180,1262,16,16,0,1088,true,true,36,73,9,9,true,false,0,0
13,181,1263,17,17,0,32,true,true,1,0,1,1,true,false,0,0
13,182,1270,1,1,0,144,true,true,11,0,1,1,true,false,0,0
13,183,1271,1,1,0,48,false,false,0,0,0,0,false,false,0,0
13,184,1289,0,0,0,,true,true,11,3,3,3,true,false,0,0
13,185,1290,0,0,0,,true,true,10,2,3,3,true,false,0,0
13,186,1353,1,1,0,96,false,false,0,0,0,0,false,false,0,0
13,187,1393,5,5,0,32,true,true,1,0,1,1,true,false,0,0
13,188,1403,1,1,0,32,false,false,0,0,0,0,false,false,0,0
13,189,1412,0,0,0,,true,true,8,0,1,1,true,false,0,0
13,190,1438,0,0,0,,true,true,2,1,1,1,true,false,0,0
13,191,1447,0,0,0,,true,true,2,1,1,1,true,false,0,0
13,192,1449,0,0,0,,true,true,3,0,1,1,true,false,0,0
13,193,1456,1,1,0,80,true,true,10,1,1,1,true,false,0,0
13,194,1457,1,1,0,80,true,true,10,1,1,1,true,false,0,0
13,195,1458,1,1,0,80,true,true,7,1,1,1,true,false,0,0
13,196,1459,1,1,0,80,true,true,7,1,1,1,true,false,0,0
13,197,1460,1,1,0,80,true,true,8,1,1,1,true,false,0,0
13,198,1461,1,1,0,80,true,true,10,1,1,1,true,false,0,0
13,199,1462,1,1,0,80,true,true,8,1,1,1,true,false,0,0
13,200,1463,1,1,0,80,true,true,15,1,1,1,true,false,0,0
13,201,1464,1,1,0,80,true,true,11,1,1,1,true,false,0,0
13,202,1465,1,1,0,80,true,true,11,1,1,1,true,false,0,0
13,203,1558,1,0,1,,false,false,0,0,0,0,false,false,0,0
13,204,1577,4,4,0,80,true,true,1,0,1,1,true,false,0,0
13,205,1632,0,0,0,,true,true,1,0,1,1,true,false,0,0
13,206,1634,0,0,0,,true,true,1,0,1,1,true,false,0,0
13,207,1733,0,0,0,,true,true,6,1,1,1,true,false,0,0
13,208,1734,0,0,0,,true,true,8,1,1,1,true,false,0,0
13,209,1735,0,0,0,,true,true,6,1,1,1,true,false,0,0
13,210,1801,0,0,0,,true,true,6,1,1,1,true,false,0,0
13,211,1802,0,0,0,,true,true,1,1,1,1,true,false,0,0
13,212,1803,0,0,0,,true,true,1,1,1,1,true,false,0,0
13,213,1804,0,0,0,,true,true,1,1,1,1,true,false,0,0
13,214,1805,8,8,0,112,true,true,15,0,1,1,true,false,0,0
13,215,1871,0,0,0,,true,true,1,0,1,1,true,false,0,0
13,216,1872,0,0,0,,true,true,2,0,1,1,true,false,0,0
13,217,1885,4,4,0,336,true,true,25,36,1,1,true,false,0,0
13,218,1886,0,0,0,,true,true,2,0,1,1,true,false,0,0
13,219,1900,0,0,0,,true,true,7,62,4,3,true,false,0,0
14,0,0,1,1,0,32,true,true,63,111,134,0,true,true,256,94
14,1,1,0,0,0,,true,false,0,20,23,23,true,false,0,0
14,2,2,0,0,0,,true,false,0,20,23,23,true,false,0,0
14,3,809,1,0,1,,false,false,0,0,0,0,false,false,0,0
14,4,903,2,2,0,224,true,true,11,1,1,1,true,false,0,0
14,5,1007,0,0,0,,true,true,1,0,1,1,true,false,0,0
14,6,8,11,11,0,544,true,true,23,12,4,4,true,false,0,0
14,7,10,0,0,0,,true,true,44,75,1,1,true,false,0,0
14,8,11,1,1,0,160,true,true,26,45,5,5,true,false,0,0
14,9,12,0,0,0,,true,true,22,92,10,0,false,false,0,0
14,10,13,7,7,0,112,true,true,1,1,2,1,true,false,0,0
14,11,14,0,0,0,,true,true,1,0,1,1,true,false,0,0
14,12,15,0,0,0,,true,true,2,0,1,1,true,false,0,0
14,13,16,0,0,0,,true,true,4,0,1,1,true,false,0,0
14,14,28,21,21,0,656,true,true,36,49,9,9,true,false,0,0
14,15,30,27,27,0,160,true,true,17,19,5,5,true,false,0,0
14,16,31,4,4,0,400,true,true,26,10,3,3,true,false,0,0
14,17,43,15,0,15,,true,true,19,0,1,1,true,false,0,0
14,18,71,0,0,0,,false,false,0,0,0,0,false,false,0,0
14,19,74,0,0,0,,true,true,7,2,4,3,true,false,0,0
14,20,81,0,0,0,,true,true,6,2,1,1,true,false,0,0
14,21,112,0,0,0,,true,true,3,0,1,1,true,false,0,0
14,22,121,0,0,0,,true,true,3,0,1,1,true,false,0,0
14,23,122,0,0,0,,true,true,1,0,1,1,true,false,0,0
14,24,146,8,0,8,,true,true,7,2,1,1,true,false,0,0
14,25,149,0,0,0,,true,true,1,0,1,1,true,false,0,0
14,26,153,0,0,0,,true,true,1,0,1,1,true,false,0,0
14,27,157,0,0,0,,false,false,0,0,0,0,false,false,0,0
14,28,163,0,0,0,,false,false,0,0,0,0,false,false,0,0
14,29,166,0,0,0,,true,true,1,0,1,1,true,false,0,0
14,30,167,0,0,0,,false,false,0,0,0,0,false,false,0,0
14,31,168,0,0,0,,false,false,0,0,0,0,false,false,0,0
14,32,172,0,0,0,,true,true,3,4,1,1,true,false,0,0
14,33,173,0,0,0,,true,true,8,5,3,3,true,false,0,0
14,34,175,0,0,0,,false,false,0,0,0,0,false,false,0,0
14,35,176,0,0,0,,false,false,0,0,0,0,false,false,0,0
14,36,177,0,0,0,,false,false,0,0,0,0,false,false,0,0
14,37,179,0,0,0,,true,true,3,0,1,1,true,false,0,0
14,38,180,0,0,0,,false,false,0,0,0,0,false,false,0,0
14,39,185,0,0,0,,false,false,0,0,0,0,false,false,0,0
14,40,186,0,0,0,,true,true,14,38,11,8,true,false,0,0
14,41,188,0,0,0,,false,false,0,0,0,0,false,false,0,0
14,42,190,0,0,0,,false,false,0,0,0,0,false,false,0,0
14,43,192,0,0,0,,false,false,0,0,0,0,false,false,0,0
14,44,195,0,0,0,,true,true,10,5,3,3,true,false,0,0
14,45,203,0,0,0,,true,true,9,62,4,3,true,false,0,0
14,46,204,0,0,0,,true,true,2,0,1,1,true,false,0,0
14,47,208,0,0,0,,false,false,0,0,0,0,false,false,0,0
14,48,209,0,0,0,,true,true,6,9,8,8,true,false,0,0
14,49,211,3,3,0,528,true,true,36,49,3,3,true,false,0,0
14,50,213,0,0,0,,true,true,3,0,1,1,true,false,0,0
14,51,214,0,0,0,,true,true,3,0,1,1,true,false,0,0
14,52,222,0,0,0,,true,true,2,0,1,1,true,false,0,0
14,53,223,0,0,0,,true,true,2,0,1,1,true,false,0,0
14,54,225,0,0,0,,true,true,3,0,1,1,true,false,0,0
14,55,226,0,0,0,,true,true,3,0,1,1,true,false,0,0
14,56,229,0,0,0,,false,false,0,0,0,0,false,false,0,0
14,57,230,0,0,0,,true,true,2,0,1,1,true,false,0,0
14,58,250,9,9,0,16,true,true,7,2,4,4,true,false,0,0
14,59,252,52,52,0,624,true,true,20,36,6,6,true,false,0,0
14,60,258,2,2,0,128,false,false,0,0,0,0,false,false,0,0
14,61,270,0,0,0,,true,true,5,43,5,4,true,false,0,0
14,62,305,0,0,0,,false,false,0,0,0,0,false,false,0,0
14,63,309,4,4,0,128,true,true,2,0,1,1,true,false,0,0
14,64,325,0,0,0,,true,true,6,0,1,1,true,false,0,0
14,65,348,0,0,0,,true,true,1,0,1,1,true,false,0,0
14,66,349,0,0,0,,true,true,1,0,1,1,true,false,0,0
14,67,354,0,0,0,,true,true,1,0,1,1,true,false,0,0
14,68,355,0,0,0,,true,true,1,0,1,1,true,false,0,0
14,69,356,0,0,0,,true,true,1,0,1,1,true,false,0,0
14,70,357,0,0,0,,true,true,1,0,1,1,true,false,0,0
14,71,358,0,0,0,,true,true,1,0,1,1,true,false,0,0
14,72,359,0,0,0,,true,true,1,0,1,1,true,false,0,0
14,73,363,0,0,0,,true,true,1,0,1,1,true,false,0,0
14,74,364,0,0,0,,true,true,1,0,1,1,true,false,0,0
14,75,386,6,6,0,528,false,false,0,0,0,0,false,false,0,0
14,76,403,0,0,0,,true,true,10,0,1,1,true,false,0,0
14,77,407,0,0,0,,true,true,3,2,3,3,true,false,0,0
14,78,428,0,0,0,,true,true,1,0,1,1,true,false,0,0
14,79,433,0,0,0,,true,true,11,22,4,3,true,false,0,0
14,80,454,0,0,0,,false,false,0,0,0,0,false,false,0,0
14,81,455,2,2,0,304,true,true,25,41,1,1,true,false,0,0
14,82,457,0,0,0,,true,true,3,2,1,1,true,false,0,0
14,83,479,0,0,0,,true,true,5,10,1,1,true,false,0,0
14,84,483,0,0,0,,false,false,0,0,0,0,false,false,0,0
14,85,500,83,83,0,256,true,true,2,0,1,1,true,false,0,0
14,86,501,7,7,0,256,true,true,4,0,1,1,true,false,0,0
14,87,502,19,19,0,256,true,true,5,0,1,1,true,false,0,0
14,88,505,10,10,0,256,true,true,6,0,1,1,true,false,0,0
14,89,511,23,23,0,256,true,true,2,0,1,1,true,false,0,0
14,90,531,0,0,0,,true,true,63,27,3,3,true,false,0,0
14,91,545,0,0,0,,true,true,2,0,1,1,true,false,0,0
14,92,557,4,4,0,544,true,true,23,2,1,1,true,false,0,0
14,93,562,0,0,0,,false,false,0,0,0,0,false,false,0,0
14,94,585,0,0,0,,false,false,0,0,0,0,false,false,0,0
14,95,601,0,0,0,,true,true,22,33,18,18,true,false,0,0
14,96,604,1,1,0,16,true,true,12,13,7,7,true,false,0,0
14,97,605,20,20,0,32,false,false,0,0,0,0,false,false,0,0
14,98,607,0,0,0,,true,true,17,36,9,9,true,false,0,0
14,99,608,0,0,0,,true,true,6,15,9,9,true,false,0,0
14,100,609,0,0,0,,true,true,7,10,5,5,true,false,0,0
14,101,610,4,4,0,1296,false,false,0,0,0,0,false,false,0,0
14,102,614,0,0,0,,true,true,8,1,1,1,true,false,0,0
14,103,618,0,0,0,,true,true,7,5,1,1,true,false,0,0
14,104,619,0,0,0,,false,false,0,0,0,0,false,false,0,0
14,105,634,0,0,0,,true,true,26,75,9,8,true,false,0,0
14,106,639,0,0,0,,true,true,1,0,1,1,true,false,0,0
14,107,643,5,5,0,144,true,true,9,0,1,1,true,false,0,0
14,108,657,0,0,0,,true,true,1,3,2,1,true,false,0,0
14,109,681,0,0,0,,true,true,3,2,2,2,true,false,0,0
14,110,684,1,1,0,16,false,false,0,0,0,0,false,false,0,0
14,111,685,1,1,0,320,true,true,17,0,1,1,true,false,0,0
14,112,686,0,0,0,,true,true,1,0,1,1,true,false,0,0
14,113,712,1,1,0,272,true,true,28,1,1,1,true,false,0,0
14,114,718,1,0,1,,true,true,2,0,1,1,true,false,0,0
14,115,748,1,0,1,,true,true,2,0,1,1,true,false,0,0
14,116,750,0,0,0,,true,true,19,43,5,5,true,false,0,0
14,117,753,1,0,1,,true,true,2,1,1,1,true,false,0,0
14,118,758,19,19,0,64,true,true,2,1,1,1,true,false,0,0
14,119,760,46,46,0,96,false,false,0,0,0,0,false,false,0,0
14,120,764,0,0,0,,true,true,1,1,1,1,true,false,0,0
14,121,765,1,0,1,,true,true,6,0,1,1,true,false,0,0
14,122,775,0,0,0,,true,true,1,0,1,1,true,false,0,0
14,123,803,14,14,0,64,true,true,4,0,1,1,true,false,0,0
14,124,804,0,0,0,,true,true,1,0,1,1,true,false,0,0
14,125,805,8,8,0,48,false,false,0,0,0,0,false,false,0,0
14,126,806,0,0,0,,false,false,0,0,0,0,false,false,0,0
14,127,832,1,1,0,336,false,false,0,0,0,0,false,false,0,0
14,128,849,0,0,0,,false,false,0,0,0,0,false,false,0,0
14,129,851,1,1,0,416,true,true,29,92,1,1,true,false,0,0
14,130,908,5,5,0,144,true,true,17,1,1,1,true,false,0,0
14,131,913,0,0,0,,true,true,47,36,3,3,true,false,0,0
14,132,921,1,1,0,176,true,true,17,2,1,1,true,false,0,0
14,133,922,1,1,0,16,true,true,3,0,1,1,true,false,0,0
14,134,923,2,2,0,256,true,true,32,63,5,5,true,false,0,0
14,135,924,1,1,0,416,true,true,38,94,1,1,true,false,0,0
14,136,933,0,0,0,,true,true,9,0,1,1,true,false,0,0
14,137,1006,0,0,0,,true,true,2,0,1,1,true,false,0,0
14,138,1134,4,4,0,128,true,true,2,1,2,2,true,false,0,0
14,139,1137,0,0,0,,true,true,1,5,2,2,true,false,0,0
14,140,1138,0,0,0,,true,true,1,5,216,216,true,false,0,0
14,141,1143,0,0,0,,true,true,9,3,1,1,true,false,0,0
14,142,1146,0,0,0,,true,true,4,4,2,2,true,false,0,0
14,143,1162,1,0,1,,true,true,21,0,1,1,true,false,0,0
14,144,1163,1,0,1,,true,true,4,0,1,1,true,false,0,0
14,145,1164,1,0,1,,true,true,7,0,1,1,true,false,0,0
14,146,1165,2,0,2,,true,true,2,0,1,1,true,false,0,0
14,147,1166,2,0,2,,true,true,3,0,1,1,true,false,0,0
14,148,1175,4,0,4,,true,true,3,0,1,1,true,false,0,0
14,149,1176,1,0,1,,true,true,3,0,1,1,true,false,0,0
14,150,1192,0,0,0,,true,true,3,0,1,1,true,false,0,0
14,151,1193,0,0,0,,true,true,3,0,1,1,true,false,0,0
14,152,1204,0,0,0,,true,true,1,0,1,1,true,false,0,0
14,153,1224,24,24,0,1616,false,false,0,0,0,0,false,false,0,0
14,154,1251,0,0,0,,false,false,0,0,0,0,false,false,0,0
14,155,1260,1,0,1,,false,false,0,0,0,0,false,false,0,0
14,156,1289,0,0,0,,true,true,11,3,3,3,true,false,0,0
14,157,1290,0,0,0,,true,true,10,2,3,3,true,false,0,0
14,158,1331,1,1,0,16,false,false,0,0,0,0,false,false,0,0
14,159,1352,1,1,0,32,false,false,0,0,0,0,false,false,0,0
14,160,1354,1,1,0,96,true,true,20,23,1,1,true,false,0,0
14,161,1391,2,0,2,,true,true,13,2,1,1,true,false,0,0
14,162,1395,1,1,0,80,true,true,3,0,1,1,true,false,0,0
14,163,1396,0,0,0,,true,true,3,0,1,1,true,false,0,0
14,164,1397,6,6,0,96,true,true,2,0,1,1,true,false,0,0
14,165,1400,1,1,0,208,false,false,0,0,0,0,false,false,0,0
14,166,1415,0,0,0,,true,true,12,4,1,1,true,false,0,0
14,167,1416,2,2,0,16,true,true,7,0,1,1,true,false,0,0
14,168,1417,8,8,0,272,true,true,22,12,1,1,true,false,0,0
14,169,1418,1,0,1,,false,false,0,0,0,0,false,false,0,0
14,170,1438,0,0,0,,true,true,2,1,1,1,true,false,0,0
14,171,1447,0,0,0,,true,true,2,1,1,1,true,false,0,0
14,172,1449,0,0,0,,true,true,3,0,1,1,true,false,0,0
14,173,1467,3,0,3,,true,true,2,0,1,1,true,false,0,0
14,174,1468,0,0,0,,true,true,20,23,1,1,true,false,0,0
14,175,1511,22,22,0,128,true,true,7,0,1,1,true,false,0,0
14,176,1514,0,0,0,,true,true,2,0,1,1,true,false,0,0
14,177,1517,0,0,0,,true,true,2,0,1,1,true,false,0,0
14,178,1518,0,0,0,,true,true,3,0,1,1,true,false,0,0
14,179,1559,1,1,0,16,false,false,0,0,0,0,false,false,0,0
14,180,1629,1,1,0,48,false,false,0,0,0,0,false,false,0,0
14,181,1633,0,0,0,,true,true,3,2,2,2,true,false,0,0
14,182,1733,0,0,0,,true,true,6,1,1,1,true,false,0,0
14,183,1734,0,0,0,,true,true,8,1,1,1,true,false,0,0
14,184,1735,0,0,0,,true,true,6,1,1,1,true,false,0,0
14,185,1818,1,1,0,208,true,true,19,49,3,3,true,false,0,0
14,186,1871,0,0,0,,true,true,1,0,1,1,true,false,0,0
14,187,1872,0,0,0,,true,true,2,0,1,1,true,false,0,0
14,188,1900,0,0,0,,true,true,7,62,4,3,true,false,0,0
15,0,0,1,0,1,,true,true,63,111,134,0,true,true,256,89
15,1,1,0,0,0,,true,false,0,20,23,23,true,false,0,0
15,2,2,0,0,0,,true,false,0,20,23,23,true,false,0,0
15,3,1007,0,0,0,,true,true,1,0,1,1,true,false,0,0
15,4,10,0,0,0,,true,true,44,75,1,1,true,false,0,0
15,5,11,1,1,0,160,true,true,26,45,5,5,true,false,0,0
15,6,12,0,0,0,,true,true,22,92,10,0,false,false,0,0
15,7,13,0,0,0,,true,true,1,1,2,1,true,false,0,0
15,8,14,0,0,0,,true,true,1,0,1,1,true,false,0,0
15,9,15,0,0,0,,true,true,2,0,1,1,true,false,0,0
15,10,16,0,0,0,,true,true,4,0,1,1,true,false,0,0
15,11,26,8,0,8,,true,true,11,0,1,1,true,false,0,0
15,12,28,37,37,0,656,true,true,36,49,9,9,true,false,0,0
15,13,32,88,0,88,,true,true,2,0,1,1,true,false,0,0
15,14,44,21,21,0,736,true,true,43,65,16,16,true,false,0,0
15,15,49,0,0,0,,true,true,3,2,1,1,true,false,0,0
15,16,67,8,8,0,48,true,true,10,0,1,1,true,false,0,0
15,17,71,0,0,0,,false,false,0,0,0,0,false,false,0,0
15,18,74,0,0,0,,true,true,7,2,4,3,true,false,0,0
15,19,77,20,20,0,160,true,true,7,2,3,3,true,false,0,0
15,20,78,3,3,0,32,true,true,1,0,1,1,true,false,0,0
15,21,92,4,4,0,48,true,true,8,0,1,1,true,false,0,0
15,22,93,12,12,0,32,true,true,6,0,1,1,true,false,0,0
15,23,112,0,0,0,,true,true,3,0,1,1,true,false,0,0
15,24,121,0,0,0,,true,true,3,0,1,1,true,false,0,0
15,25,122,0,0,0,,true,true,1,0,1,1,true,false,0,0
15,26,123,29,29,0,112,true,true,11,14,1,1,true,false,0,0
15,27,148,7,0,7,,true,true,26,0,1,1,true,false,0,0
15,28,149,0,0,0,,true,true,1,0,1,1,true,false,0,0
15,29,153,0,0,0,,true,true,1,0,1,1,true,false,0,0
15,30,154,7,0,7,,true,true,22,0,1,1,true,false,0,0
15,31,156,0,0,0,,true,true,1,0,1,1,true,false,0,0
15,32,157,0,0,0,,false,false,0,0,0,0,false,false,0,0
15,33,163,0,0,0,,false,false,0,0,0,0,false,false,0,0
15,34,166,0,0,0,,true,true,1,0,1,1,true,false,0,0
15,35,167,0,0,0,,false,false,0,0,0,0,false,false,0,0
15,36,168,0,0,0,,false,false,0,0,0,0,false,false,0,0
15,37,172,0,0,0,,true,true,3,4,1,1,true,false,0,0
15,38,173,0,0,0,,true,true,8,5,3,3,true,false,0,0
15,39,175,0,0,0,,false,false,0,0,0,0,false,false,0,0
15,40,176,0,0,0,,false,false,0,0,0,0,false,false,0,0
15,41,177,0,0,0,,false,false,0,0,0,0,false,false,0,0
15,42,179,0,0,0,,true,true,3,0,1,1,true,false,0,0
15,43,180,0,0,0,,false,false,0,0,0,0,false,false,0,0
15,44,185,0,0,0,,false,false,0,0,0,0,false,false,0,0
15,45,186,0,0,0,,true,true,14,38,11,8,true,false,0,0
15,46,188,0,0,0,,false,false,0,0,0,0,false,false,0,0
15,47,190,0,0,0,,false,false,0,0,0,0,false,false,0,0
15,48,192,0,0,0,,false,false,0,0,0,0,false,false,0,0
15,49,193,89,89,0,624,true,true,11,54,9,9,true,false,0,0
15,50,195,0,0,0,,true,true,10,5,3,3,true,false,0,0
15,51,196,2,2,0,32,true,true,5,0,1,1,true,false,0,0
15,52,197,2,2,0,32,true,true,5,0,1,1,true,false,0,0
15,53,200,0,0,0,,true,true,3,0,1,1,true,false,0,0
15,54,201,0,0,0,,true,true,9,0,1,1,true,false,0,0
15,55,203,0,0,0,,true,true,9,62,4,3,true,false,0,0
15,56,204,0,0,0,,true,true,2,0,1,1,true,false,0,0
15,57,205,0,0,0,,true,true,2,0,1,1,true,false,0,0
15,58,206,0,0,0,,true,true,1,0,1,1,true,false,0,0
15,59,207,0,0,0,,true,true,5,0,1,1,true,false,0,0
15,60,208,0,0,0,,false,false,0,0,0,0,false,false,0,0
15,61,209,0,0,0,,true,true,6,9,8,8,true,false,0,0
15,62,210,0,0,0,,true,true,1,0,1,1,true,false,0,0
15,63,213,0,0,0,,true,true,3,0,1,1,true,false,0,0
15,64,214,0,0,0,,true,true,3,0,1,1,true,false,0,0
15,65,221,24,24,0,176,true,true,26,7,7,7,true,false,0,0
15,66,222,0,0,0,,true,true,2,0,1,1,true,false,0,0
15,67,223,0,0,0,,true,true,2,0,1,1,true,false,0,0
15,68,225,0,0,0,,true,true,3,0,1,1,true,false,0,0
15,69,226,0,0,0,,true,true,3,0,1,1,true,false,0,0
15,70,229,0,0,0,,false,false,0,0,0,0,false,false,0,0
15,71,230,0,0,0,,true,true,2,0,1,1,true,false,0,0
15,72,233,28,28,0,448,true,true,25,9,1,1,true,false,0,0
15,73,250,2,2,0,16,true,true,7,2,4,4,true,false,0,0
15,74,255,4,0,4,,true,true,10,0,1,1,true,false,0,0
15,75,256,0,0,0,,true,true,1,0,1,1,true,false,0,0
15,76,258,6,6,0,128,false,false,0,0,0,0,false,false,0,0
15,77,270,0,0,0,,true,true,5,43,5,4,true,false,0,0
15,78,283,6,0,6,,true,true,4,0,1,1,true,false,0,0
15,79,305,0,0,0,,false,false,0,0,0,0,false,false,0,0
15,80,325,0,0,0,,true,true,6,0,1,1,true,false,0,0
15,81,348,0,0,0,,true,true,1,0,1,1,true,false,0,0
15,82,349,0,0,0,,true,true,1,0,1,1,true,false,0,0
15,83,354,0,0,0,,true,true,1,0,1,1,true,false,0,0
15,84,355,0,0,0,,true,true,1,0,1,1,true,false,0,0
15,85,356,0,0,0,,true,true,1,0,1,1,true,false,0,0
15,86,357,0,0,0,,true,true,1,0,1,1,true,false,0,0
15,87,358,0,0,0,,true,true,1,0,1,1,true,false,0,0
15,88,359,0,0,0,,true,true,1,0,1,1,true,false,0,0
15,89,363,0,0,0,,true,true,1,0,1,1,true,false,0,0
15,90,364,0,0,0,,true,true,1,0,1,1,true,false,0,0
15,91,403,0,0,0,,true,true,10,0,1,1,true,false,0,0
15,92,407,0,0,0,,true,true,3,2,3,3,true,false,0,0
15,93,408,24,24,0,32,true,true,4,9,9,9,true,false,0,0
15,94,419,1,0,1,,true,true,62,84,13,13,true,false,0,0
15,95,428,0,0,0,,true,true,1,0,1,1,true,false,0,0
15,96,433,0,0,0,,true,true,11,22,4,3,true,false,0,0
15,97,454,0,0,0,,false,false,0,0,0,0,false,false,0,0
15,98,457,0,0,0,,true,true,3,2,1,1,true,false,0,0
15,99,479,0,0,0,,true,true,5,10,1,1,true,false,0,0
15,100,483,0,0,0,,false,false,0,0,0,0,false,false,0,0
15,101,491,15,15,0,576,true,true,60,60,9,9,true,false,0,0
15,102,500,278,278,0,256,true,true,2,0,1,1,true,false,0,0
15,103,501,16,16,0,256,true,true,4,0,1,1,true,false,0,0
15,104,502,10,10,0,256,true,true,5,0,1,1,true,false,0,0
15,105,505,9,9,0,256,true,true,6,0,1,1,true,false,0,0
15,106,511,18,18,0,256,true,true,2,0,1,1,true,false,0,0
15,107,531,0,0,0,,true,true,63,27,3,3,true,false,0,0
15,108,562,0,0,0,,false,false,0,0,0,0,false,false,0,0
15,109,567,0,0,0,,true,true,3,2,1,1,true,false,0,0
15,110,585,0,0,0,,false,false,0,0,0,0,false,false,0,0
15,111,601,0,0,0,,true,true,22,33,18,18,true,false,0,0
15,112,605,18,18,0,32,false,false,0,0,0,0,false,false,0,0
15,113,607,0,0,0,,true,true,17,36,9,9,true,false,0,0
15,114,608,0,0,0,,true,true,6,15,9,9,true,false,0,0
15,115,609,0,0,0,,true,true,7,10,5,5,true,false,0,0
15,116,614,0,0,0,,true,true,8,1,1,1,true,false,0,0
15,117,618,0,0,0,,true,true,7,5,1,1,true,false,0,0
15,118,619,0,0,0,,false,false,0,0,0,0,false,false,0,0
15,119,634,0,0,0,,true,true,26,75,9,8,true,false,0,0
15,120,639,0,0,0,,true,true,1,0,1,1,true,false,0,0
15,121,655,1,1,0,304,true,true,1,0,1,1,true,false,0,0
15,122,657,0,0,0,,true,true,1,3,2,1,true,false,0,0
15,123,679,1,1,0,128,false,false,0,0,0,0,false,false,0,0
15,124,750,0,0,0,,true,true,19,43,5,5,true,false,0,0
15,125,758,2,2,0,64,true,true,2,1,1,1,true,false,0,0
15,126,775,0,0,0,,true,true,1,0,1,1,true,false,0,0
15,127,803,1,1,0,64,true,true,4,0,1,1,true,false,0,0
15,128,804,0,0,0,,true,true,1,0,1,1,true,false,0,0
15,129,805,7,7,0,48,false,false,0,0,0,0,false,false,0,0
15,130,806,0,0,0,,false,false,0,0,0,0,false,false,0,0
15,131,819,0,0,0,,true,true,3,2,1,1,true,false,0,0
15,132,830,1,1,0,16,true,true,7,0,1,1,true,false,0,0
15,133,832,1,1,0,336,false,false,0,0,0,0,false,false,0,0
15,134,848,0,0,0,,false,false,0,0,0,0,false,false,0,0
15,135,849,0,0,0,,false,false,0,0,0,0,false,false,0,0
15,136,934,0,0,0,,true,true,2,2,1,1,true,false,0,0
15,137,937,48,48,0,16,true,true,3,0,1,1,true,false,0,0
15,138,1006,0,0,0,,true,true,2,0,1,1,true,false,0,0
15,139,1134,2,2,0,128,true,true,2,1,2,2,true,false,0,0
15,140,1137,0,0,0,,true,true,1,5,2,2,true,false,0,0
15,141,1138,0,0,0,,true,true,1,5,216,216,true,false,0,0
15,142,1143,0,0,0,,true,true,9,3,1,1,true,false,0,0
15,143,1146,0,0,0,,true,true,4,4,2,2,true,false,0,0
15,144,1179,1,1,0,112,true,true,4,0,1,1,true,false,0,0
15,145,1192,0,0,0,,true,true,3,0,1,1,true,false,0,0
15,146,1204,0,0,0,,true,true,1,0,1,1,true,false,0,0
15,147,1209,9,9,0,32,true,true,28,1,1,1,true,false,0,0
15,148,1221,0,0,0,,true,true,1,1,1,1,true,false,0,0
15,149,1222,0,0,0,,true,true,2,1,1,1,true,false,0,0
15,150,1224,0,0,0,,false,false,0,0,0,0,false,false,0,0
15,151,1250,18,18,0,176,true,true,11,37,3,3,true,false,0,0
15,152,1251,0,0,0,,false,false,0,0,0,0,false,false,0,0
15,153,1257,0,0,0,,true,true,9,0,1,1,true,false,0,0
15,154,1289,0,0,0,,true,true,11,3,3,3,true,false,0,0
15,155,1290,0,0,0,,true,true,10,2,3,3,true,false,0,0
15,156,1331,1,1,0,16,false,false,0,0,0,0,false,false,0,0
15,157,1371,0,0,0,,true,true,40,78,2,2,true,false,0,0
15,158,1388,1,1,0,80,true,true,7,0,1,1,true,false,0,0
15,159,1394,2,2,0,16,false,false,0,0,0,0,false,false,0,0
15,160,1408,1,1,0,16,true,true,1,0,1,1,true,false,0,0
15,161,1409,1,1,0,16,true,true,1,0,1,1,true,false,0,0
15,162,1419,1,1,0,16,false,false,0,0,0,0,false,false,0,0
15,163,1425,6,6,0,16,false,false,0,0,0,0,false,false,0,0
15,164,1427,0,0,0,,true,true,1,0,1,1,true,false,0,0
15,165,1428,0,0,0,,true,true,14,13,1,1,true,false,0,0
15,166,1430,1,1,0,176,true,true,15,0,1,1,true,false,0,0
15,167,1438,0,0,0,,true,true,2,1,1,1,true,false,0,0
15,168,1446,1,1,0,688,true,true,30,65,1,1,true,false,0,0
15,169,1447,0,0,0,,true,true,2,1,1,1,true,false,0,0
15,170,1449,0,0,0,,true,true,3,0,1,1,true,false,0,0
15,171,1451,1,1,0,128,true,true,4,0,1,1,true,false,0,0
15,172,1469,1,1,0,96,false,false,0,0,0,0,false,false,0,0
15,173,1523,0,0,0,,false,false,0,0,0,0,false,false,0,0
15,174,1560,1,0,1,,false,false,0,0,0,0,false,false,0,0
15,175,1565,1,1,0,16,false,false,0,0,0,0,false,false,0,0
15,176,1567,1,1,0,16,true,true,1,0,1,1,true,false,0,0
15,177,1591,0,0,0,,true,true,3,1,1,1,true,false,0,0
15,178,1592,0,0,0,,true,true,4,1,1,1,true,false,0,0
15,179,1593,0,0,0,,true,true,4,1,1,1,true,false,0,0
15,180,1610,0,0,0,,true,true,3,1,1,1,true,false,0,0
15,181,1611,0,0,0,,true,true,2,1,1,1,true,false,0,0
15,182,1612,0,0,0,,true,true,7,1,1,1,true,false,0,0
15,183,1867,0,0,0,,true,true,4,0,1,1,true,false,0,0
15,184,1868,0,0,0,,true,true,2,0,1,1,true,false,0,0
15,185,1869,0,0,0,,true,true,5,0,1,1,true,false,0,0
15,186,1871,0,0,0,,true,true,1,0,1,1,true,false,0,0
15,187,1872,0,0,0,,true,true,2,0,1,1,true,false,0,0
15,188,1900,0,0,0,,true,true,7,62,4,3,true,false,0,0
15,189,1961,0,0,0,,true,true,1,1,1,1,true,false,0,0
15,190,1962,0,0,0,,true,true,1,1,1,1,true,false,0,0
16,0,0,1,0,1,,true,true,63,111,134,0,true,true,256,96
16,1,1,0,0,0,,true,false,0,20,23,23,true,false,0,0
16,2,2,0,0,0,,true,false,0,20,23,23,true,false,0,0
16,3,1007,0,0,0,,true,true,1,0,1,1,true,false,0,0
16,4,10,0,0,0,,true,true,44,75,1,1,true,false,0,0
16,5,11,3,3,0,160,true,true,26,45,5,5,true,false,0,0
16,6,12,0,0,0,,true,true,22,92,10,0,false,false,0,0
16,7,13,23,23,0,112,true,true,1,1,2,1,true,false,0,0
16,8,14,0,0,0,,true,true,1,0,1,1,true,false,0,0
16,9,15,0,0,0,,true,true,2,0,1,1,true,false,0,0
16,10,16,0,0,0,,true,true,4,0,1,1,true,false,0,0
16,11,49,0,0,0,,true,true,3,2,1,1,true,false,0,0
16,12,50,0,0,0,,true,true,3,2,1,1,true,false,0,0
16,13,52,21,21,0,704,true,true,16,28,5,5,true,false,0,0
16,14,66,4,0,4,,true,true,11,1,1,1,true,false,0,0
16,15,71,0,0,0,,false,false,0,0,0,0,false,false,0,0
16,16,74,0,0,0,,true,true,7,2,4,3,true,false,0,0
16,17,112,0,0,0,,true,true,3,0,1,1,true,false,0,0
16,18,121,0,0,0,,true,true,3,0,1,1,true,false,0,0
16,19,122,0,0,0,,true,true,1,0,1,1,true,false,0,0
16,20,149,0,0,0,,true,true,1,0,1,1,true,false,0,0
16,21,153,0,0,0,,true,true,1,0,1,1,true,false,0,0
16,22,157,0,0,0,,false,false,0,0,0,0,false,false,0,0
16,23,163,0,0,0,,false,false,0,0,0,0,false,false,0,0
16,24,166,0,0,0,,true,true,1,0,1,1,true,false,0,0
16,25,167,0,0,0,,false,false,0,0,0,0,false,false,0,0
16,26,168,0,0,0,,false,false,0,0,0,0,false,false,0,0
16,27,172,0,0,0,,true,true,3,4,1,1,true,false,0,0
16,28,173,0,0,0,,true,true,8,5,3,3,true,false,0,0
16,29,175,0,0,0,,false,false,0,0,0,0,false,false,0,0
16,30,176,0,0,0,,false,false,0,0,0,0,false,false,0,0
16,31,177,0,0,0,,false,false,0,0,0,0,false,false,0,0
16,32,179,0,0,0,,true,true,3,0,1,1,true,false,0,0
16,33,180,0,0,0,,false,false,0,0,0,0,false,false,0,0
16,34,185,0,0,0,,false,false,0,0,0,0,false,false,0,0
16,35,186,0,0,0,,true,true,14,38,11,8,true,false,0,0
16,36,188,0,0,0,,false,false,0,0,0,0,false,false,0,0
16,37,190,0,0,0,,false,false,0,0,0,0,false,false,0,0
16,38,192,0,0,0,,false,false,0,0,0,0,false,false,0,0
16,39,195,0,0,0,,true,true,10,5,3,3,true,false,0,0
16,40,203,0,0,0,,true,true,9,62,4,3,true,false,0,0
16,41,204,0,0,0,,true,true,2,0,1,1,true,false,0,0
16,42,208,0,0,0,,false,false,0,0,0,0,false,false,0,0
16,43,209,0,0,0,,true,true,6,9,8,8,true,false,0,0
16,44,213,0,0,0,,true,true,3,0,1,1,true,false,0,0
16,45,214,0,0,0,,true,true,3,0,1,1,true,false,0,0
16,46,222,0,0,0,,true,true,2,0,1,1,true,false,0,0
16,47,223,0,0,0,,true,true,2,0,1,1,true,false,0,0
16,48,225,0,0,0,,true,true,3,0,1,1,true,false,0,0
16,49,226,0,0,0,,true,true,3,0,1,1,true,false,0,0
16,50,229,0,0,0,,false,false,0,0,0,0,false,false,0,0
16,51,230,0,0,0,,true,true,2,0,1,1,true,false,0,0
16,52,235,0,0,0,,true,true,1,0,1,1,true,false,0,0
16,53,257,21,21,0,32,true,true,30,0,1,1,true,false,0,0
16,54,268,4,0,4,,true,true,1,0,1,1,true,false,0,0
16,55,269,301,0,301,,true,true,2,0,1,1,true,false,0,0
16,56,270,16,16,0,128,true,true,5,43,5,4,true,false,0,0
16,57,273,3,0,3,,true,true,1,0,1,1,true,false,0,0
16,58,281,0,0,0,,true,true,1,0,1,1,true,false,0,0
16,59,305,0,0,0,,false,false,0,0,0,0,false,false,0,0
16,60,315,0,0,0,,true,true,4,0,1,1,true,false,0,0
16,61,348,0,0,0,,true,true,1,0,1,1,true,false,0,0
16,62,349,0,0,0,,true,true,1,0,1,1,true,false,0,0
16,63,354,0,0,0,,true,true,1,0,1,1,true,false,0,0
16,64,355,0,0,0,,true,true,1,0,1,1,true,false,0,0
16,65,356,0,0,0,,true,true,1,0,1,1,true,false,0,0
16,66,357,0,0,0,,true,true,1,0,1,1,true,false,0,0
16,67,358,0,0,0,,true,true,1,0,1,1,true,false,0,0
16,68,359,0,0,0,,true,true,1,0,1,1,true,false,0,0
16,69,363,0,0,0,,true,true,1,0,1,1,true,false,0,0
16,70,364,0,0,0,,true,true,1,0,1,1,true,false,0,0
16,71,407,0,0,0,,true,true,3,2,3,3,true,false,0,0
16,72,428,0,0,0,,true,true,1,0,1,1,true,false,0,0
16,73,433,0,0,0,,true,true,11,22,4,3,true,false,0,0
16,74,439,1,1,0,96,true,true,9,14,7,7,true,false,0,0
16,75,454,0,0,0,,false,false,0,0,0,0,false,false,0,0
16,76,457,0,0,0,,true,true,3,2,1,1,true,false,0,0
16,77,470,8,8,0,64,true,true,3,1,1,1,true,false,0,0
16,78,471,37,37,0,128,true,true,7,37,1,1,true,false,0,0
16,79,479,0,0,0,,true,true,5,10,1,1,true,false,0,0
16,80,482,8,0,8,,true,true,1,0,1,1,true,false,0,0
16,81,483,0,0,0,,false,false,0,0,0,0,false,false,0,0
16,82,500,364,364,0,256,true,true,2,0,1,1,true,false,0,0
16,83,501,9,9,0,256,true,true,4,0,1,1,true,false,0,0
16,84,502,93,93,0,256,true,true,5,0,1,1,true,false,0,0
16,85,505,23,23,0,256,true,true,6,0,1,1,true,false,0,0
16,86,511,24,24,0,256,true,true,2,0,1,1,true,false,0,0
16,87,541,29,29,0,416,true,true,14,45,29,29,true,false,0,0
16,88,546,6,6,0,128,true,true,5,0,1,1,true,false,0,0
16,89,552,20,20,0,64,true,true,5,0,1,1,true,false,0,0
16,90,556,5,5,0,768,true,true,35,51,6,6,true,false,0,0
16,91,562,0,0,0,,false,false,0,0,0,0,false,false,0,0
16,92,585,0,0,0,,false,false,0,0,0,0,false,false,0,0
16,93,601,0,0,0,,true,true,22,33,18,18,true,false,0,0
16,94,605,20,20,0,32,false,false,0,0,0,0,false,false,0,0
16,95,606,4,0,4,,true,true,3,0,1,1,true,false,0,0
16,96,607,0,0,0,,true,true,17,36,9,9,true,false,0,0
16,97,608,0,0,0,,true,true,6,15,9,9,true,false,0,0
16,98,609,0,0,0,,true,true,7,10,5,5,true,false,0,0
16,99,614,0,0,0,,true,true,8,1,1,1,true,false,0,0
16,100,618,0,0,0,,true,true,7,5,1,1,true,false,0,0
16,101,619,0,0,0,,false,false,0,0,0,0,false,false,0,0
16,102,634,0,0,0,,true,true,26,75,9,8,true,false,0,0
16,103,638,19,19,0,784,true,true,36,79,8,8,true,false,0,0
16,104,639,0,0,0,,true,true,1,0,1,1,true,false,0,0
16,105,647,16,16,0,48,true,true,4,0,1,1,true,false,0,0
16,106,650,29,29,0,32,true,true,7,0,1,1,true,false,0,0
16,107,654,4,4,0,144,true,true,1,0,1,1,true,false,0,0
16,108,657,0,0,0,,true,true,1,3,2,1,true,false,0,0
16,109,758,2,2,0,64,true,true,2,1,1,1,true,false,0,0
16,110,775,0,0,0,,true,true,1,0,1,1,true,false,0,0
16,111,799,3,0,3,,true,true,5,0,1,1,true,false,0,0
16,112,800,13,0,13,,true,true,1,0,1,1,true,false,0,0
16,113,803,1,1,0,64,true,true,4,0,1,1,true,false,0,0
16,114,804,0,0,0,,true,true,1,0,1,1,true,false,0,0
16,115,805,6,6,0,48,false,false,0,0,0,0,false,false,0,0
16,116,806,0,0,0,,false,false,0,0,0,0,false,false,0,0
16,117,814,3,0,3,,true,true,1,0,1,1,true,false,0,0
16,118,839,7,0,7,,true,true,3,0,1,1,true,false,0,0
16,119,849,0,0,0,,false,false,0,0,0,0,false,false,0,0
16,120,850,12,0,12,,true,true,1,0,1,1,true,false,0,0
16,121,863,0,0,0,,true,true,5,17,1,1,true,false,0,0
16,122,876,0,0,0,,true,true,6,17,1,1,true,false,0,0
16,123,884,0,0,0,,true,true,3,5,1,1,true,false,0,0
16,124,933,25,25,0,32,true,true,9,0,1,1,true,false,0,0
16,125,1006,0,0,0,,true,true,2,0,1,1,true,false,0,0
16,126,1111,1,1,0,48,false,false,0,0,0,0,false,false,0,0
16,127,1134,2,2,0,128,true,true,2,1,2,2,true,false,0,0
16,128,1135,2,2,0,80,true,true,5,0,1,1,true,false,0,0
16,129,1137,0,0,0,,true,true,1,5,2,2,true,false,0,0
16,130,1138,0,0,0,,true,true,1,5,216,216,true,false,0,0
16,131,1139,5,5,0,16,true,true,1,0,1,1,true,false,0,0
16,132,1140,22,22,0,16,true,true,2,0,1,1,true,false,0,0
16,133,1143,10,10,0,80,true,true,9,3,1,1,true,false,0,0
16,134,1146,0,0,0,,true,true,4,4,2,2,true,false,0,0
16,135,1192,0,0,0,,true,true,3,0,1,1,true,false,0,0
16,136,1204,0,0,0,,true,true,1,0,1,1,true,false,0,0
16,137,1251,0,0,0,,false,false,0,0,0,0,false,false,0,0
16,138,1289,0,0,0,,true,true,11,3,3,3,true,false,0,0
16,139,1290,0,0,0,,true,true,10,2,3,3,true,false,0,0
16,140,1356,5,5,0,416,true,true,17,4,1,1,true,false,0,0
16,141,1374,1,0,1,,true,true,5,0,1,1,true,false,0,0
16,142,1376,3,0,3,,true,true,2,0,1,1,true,false,0,0
16,143,1377,1,1,0,480,true,true,35,62,5,2,true,false,0,0
16,144,1384,59,0,59,,true,true,1,0,1,1,true,false,0,0
16,145,1387,4,4,0,32,true,true,1,0,1,1,true,false,0,0
16,146,1401,14,14,0,256,true,true,32,63,5,5,true,false,0,0
16,147,1410,2,2,0,224,true,true,28,1,1,1,true,false,0,0
16,148,1431,3,0,3,,true,true,1,0,1,1,true,false,0,0
16,149,1438,0,0,0,,true,true,2,1,1,1,true,false,0,0
16,150,1439,3,3,0,16,true,true,28,0,1,1,true,false,0,0
16,151,1441,3,3,0,16,true,true,32,0,1,1,true,false,0,0
16,152,1442,3,3,0,16,true,true,9,0,1,1,true,false,0,0
16,153,1443,3,3,0,80,true,true,18,0,1,1,true,false,0,0
16,154,1445,52,52,0,608,true,true,11,54,9,9,true,false,0,0
16,155,1447,0,0,0,,true,true,2,1,1,1,true,false,0,0
16,156,1449,0,0,0,,true,true,3,0,1,1,true,false,0,0
16,157,1455,1,1,0,512,true,true,31,90,2,2,true,false,0,0
16,158,1475,0,0,0,,true,true,1,0,1,1,true,false,0,0
16,159,1478,0,0,0,,true,true,15,1,1,1,true,false,0,0
16,160,1509,0,0,0,,true,true,11,2,2,1,true,false,0,0
16,161,1540,68,0,68,,true,true,2,0,1,1,true,false,0,0
16,162,1561,1,1,0,16,false,false,0,0,0,0,false,false,0,0
16,163,1588,0,0,0,,true,true,1,1,1,1,true,false,0,0
16,164,1589,0,0,0,,true,true,1,1,1,1,true,false,0,0
16,165,1590,0,0,0,,true,true,1,1,1,1,true,false,0,0
16,166,1621,0,0,0,,true,true,4,1,1,1,true,false,0,0
16,167,1622,0,0,0,,true,true,6,1,1,1,true,false,0,0
16,168,1623,0,0,0,,true,true,8,1,1,1,true,false,0,0
16,169,1667,18,18,0,32,true,true,3,1,1,1,true,false,0,0
16,170,1668,18,18,0,32,true,true,3,1,1,1,true,false,0,0
16,171,1669,18,18,0,32,true,true,4,2,1,1,true,false,0,0
16,172,1670,18,18,0,32,true,true,7,4,1,1,true,false,0,0
16,173,1671,18,18,0,32,true,true,4,1,1,1,true,false,0,0
16,174,1786,0,0,0,,true,true,8,1,1,1,true,false,0,0
16,175,1787,0,0,0,,true,true,4,1,1,1,true,false,0,0
16,176,1812,1,0,1,,false,false,0,0,0,0,false,false,0,0
16,177,1825,12,0,12,,true,true,2,0,1,1,true,false,0,0
16,178,1826,2,2,0,192,true,true,2,0,1,1,true,false,0,0
16,179,1870,0,0,0,,true,true,1,0,1,1,true,false,0,0
16,180,1871,0,0,0,,true,true,1,0,1,1,true,false,0,0
16,181,1872,0,0,0,,true,true,2,0,1,1,true,false,0,0
16,182,1891,2,0,2,,true,true,15,0,1,1,true,false,0,0
16,183,1900,0,0,0,,true,true,7,62,4,3,true,false,0,0
16,184,1923,1,1,0,32,false,false,0,0,0,0,false,false,0,0
16,185,1943,1,0,1,,false,false,0,0,0,0,false,false,0,0
16,186,1947,1,0,1,,false,false,0,0,0,0,false,false,0,0
16,187,1948,1,0,1,,false,false,0,0,0,0,false,false,0,0
16,188,1952,1,0,1,,false,false,0,0,0,0,false,false,0,0
16,189,1953,1,0,1,,false,false,0,0,0,0,false,false,0,0
17,0,0,1,0,1,,true,true,63,111,134,0,true,true,256,99
17,1,1,0,0,0,,true,false,0,20,23,23,true,false,0,0
17,2,2,0,0,0,,true,false,0,20,23,23,true,false,0,0
17,3,1007,0,0,0,,true,true,1,0,1,1,true,false,0,0
17,4,10,0,0,0,,true,true,44,75,1,1,true,false,0,0
17,5,11,1,1,0,160,true,true,26,45,5,5,true,false,0,0
17,6,12,0,0,0,,true,true,22,92,10,0,false,false,0,0
17,7,13,14,14,0,112,true,true,1,1,2,1,true,false,0,0
17,8,14,0,0,0,,true,true,1,0,1,1,true,false,0,0
17,9,15,0,0,0,,true,true,2,0,1,1,true,false,0,0
17,10,16,0,0,0,,true,true,4,0,1,1,true,false,0,0
17,11,44,17,17,0,736,true,true,43,65,16,16,true,false,0,0
17,12,49,0,0,0,,true,true,3,2,1,1,true,false,0,0
17,13,71,0,0,0,,false,false,0,0,0,0,false,false,0,0
17,14,74,0,0,0,,true,true,7,2,4,3,true,false,0,0
17,15,77,16,16,0,160,true,true,7,2,3,3,true,false,0,0
17,16,78,4,4,0,32,true,true,1,0,1,1,true,false,0,0
17,17,99,35,35,0,112,true,true,5,4,1,1,true,false,0,0
17,18,110,0,0,0,,true,true,9,12,1,1,true,false,0,0
17,19,112,0,0,0,,true,true,3,0,1,1,true,false,0,0
17,20,121,0,0,0,,true,true,3,0,1,1,true,false,0,0
17,21,122,0,0,0,,true,true,1,0,1,1,true,false,0,0
17,22,123,17,17,0,112,true,true,11,14,1,1,true,false,0,0
17,23,149,0,0,0,,true,true,1,0,1,1,true,false,0,0
17,24,153,0,0,0,,true,true,1,0,1,1,true,false,0,0
17,25,156,0,0,0,,true,true,1,0,1,1,true,false,0,0
17,26,157,0,0,0,,false,false,0,0,0,0,false,false,0,0
17,27,163,0,0,0,,false,false,0,0,0,0,false,false,0,0
17,28,166,0,0,0,,true,true,1,0,1,1,true,false,0,0
17,29,167,0,0,0,,false,false,0,0,0,0,false,false,0,0
17,30,168,0,0,0,,false,false,0,0,0,0,false,false,0,0
17,31,172,0,0,0,,true,true,3,4,1,1,true,false,0,0
17,32,173,0,0,0,,true,true,8,5,3,3,true,false,0,0
17,33,175,0,0,0,,false,false,0,0,0,0,false,false,0,0
17,34,176,0,0,0,,false,false,0,0,0,0,false,false,0,0
17,35,177,0,0,0,,false,false,0,0,0,0,false,false,0,0
17,36,179,0,0,0,,true,true,3,0,1,1,true,false,0,0
17,37,180,0,0,0,,false,false,0,0,0,0,false,false,0,0
17,38,185,0,0,0,,false,false,0,0,0,0,false,false,0,0
17,39,186,0,0,0,,true,true,14,38,11,8,true,false,0,0
17,40,188,0,0,0,,false,false,0,0,0,0,false,false,0,0
17,41,190,0,0,0,,false,false,0,0,0,0,false,false,0,0
17,42,192,0,0,0,,false,false,0,0,0,0,false,false,0,0
17,43,195,0,0,0,,true,true,10,5,3,3,true,false,0,0
17,44,197,3,3,0,32,true,true,5,0,1,1,true,false,0,0
17,45,203,0,0,0,,true,true,9,62,4,3,true,false,0,0
17,46,204,0,0,0,,true,true,2,0,1,1,true,false,0,0
17,47,208,0,0,0,,false,false,0,0,0,0,false,false,0,0
17,48,209,0,0,0,,true,true,6,9,8,8,true,false,0,0
17,49,213,0,0,0,,true,true,3,0,1,1,true,false,0,0
17,50,214,0,0,0,,true,true,3,0,1,1,true,false,0,0
17,51,222,0,0,0,,true,true,2,0,1,1,true,false,0,0
17,52,223,0,0,0,,true,true,2,0,1,1,true,false,0,0
17,53,224,0,0,0,,true,true,2,1,1,1,true,false,0,0
17,54,225,0,0,0,,true,true,3,0,1,1,true,false,0,0
17,55,226,0,0,0,,true,true,3,0,1,1,true,false,0,0
17,56,228,0,0,0,,true,true,6,1,1,1,true,false,0,0
17,57,229,0,0,0,,false,false,0,0,0,0,false,false,0,0
17,58,230,0,0,0,,true,true,2,0,1,1,true,false,0,0
17,59,258,8,8,0,128,false,false,0,0,0,0,false,false,0,0
17,60,270,0,0,0,,true,true,5,43,5,4,true,false,0,0
17,61,295,0,0,0,,true,true,3,3,2,2,true,false,0,0
17,62,305,0,0,0,,false,false,0,0,0,0,false,false,0,0
17,63,315,0,0,0,,true,true,4,0,1,1,true,false,0,0
17,64,347,8,8,0,272,true,true,4,4,1,1,true,false,0,0
17,65,348,0,0,0,,true,true,1,0,1,1,true,false,0,0
17,66,349,0,0,0,,true,true,1,0,1,1,true,false,0,0
17,67,354,0,0,0,,true,true,1,0,1,1,true,false,0,0
17,68,355,0,0,0,,true,true,1,0,1,1,true,false,0,0
17,69,356,0,0,0,,true,true,1,0,1,1,true,false,0,0
17,70,357,0,0,0,,true,true,1,0,1,1,true,false,0,0
17,71,358,0,0,0,,true,true,1,0,1,1,true,false,0,0
17,72,359,0,0,0,,true,true,1,0,1,1,true,false,0,0
17,73,363,0,0,0,,true,true,1,0,1,1,true,false,0,0
17,74,364,0,0,0,,true,true,1,0,1,1,true,false,0,0
17,75,407,0,0,0,,true,true,3,2,3,3,true,false,0,0
17,76,408,24,24,0,32,true,true,4,9,9,9,true,false,0,0
17,77,428,0,0,0,,true,true,1,0,1,1,true,false,0,0
17,78,433,0,0,0,,true,true,11,22,4,3,true,false,0,0
17,79,454,0,0,0,,false,false,0,0,0,0,false,false,0,0
17,80,457,0,0,0,,true,true,3,2,1,1,true,false,0,0
17,81,479,0,0,0,,true,true,5,10,1,1,true,false,0,0
17,82,483,0,0,0,,false,false,0,0,0,0,false,false,0,0
17,83,500,238,238,0,256,true,true,2,0,1,1,true,false,0,0
17,84,501,9,9,0,256,true,true,4,0,1,1,true,false,0,0
17,85,505,1,1,0,256,true,true,6,0,1,1,true,false,0,0
17,86,511,4,4,0,256,true,true,2,0,1,1,true,false,0,0
17,87,560,4,0,4,,true,true,1,0,1,1,true,false,0,0
17,88,562,0,0,0,,false,false,0,0,0,0,false,false,0,0
17,89,567,0,0,0,,true,true,3,2,1,1,true,false,0,0
17,90,585,0,0,0,,false,false,0,0,0,0,false,false,0,0
17,91,601,0,0,0,,true,true,22,33,18,18,true,false,0,0
17,92,605,20,20,0,32,false,false,0,0,0,0,false,false,0,0
17,93,607,0,0,0,,true,true,17,36,9,9,true,false,0,0
17,94,608,0,0,0,,true,true,6,15,9,9,true,false,0,0
17,95,609,0,0,0,,true,true,7,10,5,5,true,false,0,0
17,96,614,0,0,0,,true,true,8,1,1,1,true,false,0,0
17,97,618,0,0,0,,true,true,7,5,1,1,true,false,0,0
17,98,619,0,0,0,,false,false,0,0,0,0,false,false,0,0
17,99,634,0,0,0,,true,true,26,75,9,8,true,false,0,0
17,100,639,0,0,0,,true,true,1,0,1,1,true,false,0,0
17,101,655,1,1,0,304,true,true,1,0,1,1,true,false,0,0
17,102,657,0,0,0,,true,true,1,3,2,1,true,false,0,0
17,103,669,15,15,0,32,true,true,4,0,1,1,true,false,0,0
17,104,750,1,1,0,208,true,true,19,43,5,5,true,false,0,0
17,105,758,2,2,0,64,true,true,2,1,1,1,true,false,0,0
17,106,775,0,0,0,,true,true,1,0,1,1,true,false,0,0
17,107,804,0,0,0,,true,true,1,0,1,1,true,false,0,0
17,108,805,7,7,0,48,false,false,0,0,0,0,false,false,0,0
17,109,806,0,0,0,,false,false,0,0,0,0,false,false,0,0
17,110,819,0,0,0,,true,true,3,2,1,1,true,false,0,0
17,111,830,2,2,0,16,true,true,7,0,1,1,true,false,0,0
17,112,835,6,6,0,112,true,true,7,2,1,1,true,false,0,0
17,113,836,15,0,15,,true,true,16,0,1,1,true,false,0,0
17,114,849,0,0,0,,false,false,0,0,0,0,false,false,0,0
17,115,934,0,0,0,,true,true,2,2,1,1,true,false,0,0
17,116,1006,0,0,0,,true,true,2,0,1,1,true,false,0,0
17,117,1009,0,0,0,,true,true,6,0,1,1,true,false,0,0
17,118,1017,0,0,0,,true,true,4,0,1,1,true,false,0,0
17,119,1021,2,2,0,144,true,true,3,0,1,1,true,false,0,0
17,120,1034,0,0,0,,true,true,3,3,2,2,true,false,0,0
17,121,1038,1,1,0,80,true,true,27,0,1,1,true,false,0,0
17,122,1040,0,0,0,,true,true,6,0,1,1,true,false,0,0
17,123,1134,2,2,0,128,true,true,2,1,2,2,true,false,0,0
17,124,1135,10,10,0,80,true,true,5,0,1,1,true,false,0,0
17,125,1137,0,0,0,,true,true,1,5,2,2,true,false,0,0
17,126,1138,0,0,0,,true,true,1,5,216,216,true,false,0,0
17,127,1143,0,0,0,,true,true,9,3,1,1,true,false,0,0
17,128,1146,0,0,0,,true,true,4,4,2,2,true,false,0,0
17,129,1192,0,0,0,,true,true,3,0,1,1,true,false,0,0
17,130,1204,0,0,0,,true,true,1,0,1,1,true,false,0,0
17,131,1209,6,6,0,32,true,true,28,1,1,1,true,false,0,0
17,132,1224,0,0,0,,false,false,0,0,0,0,false,false,0,0
17,133,1251,0,0,0,,false,false,0,0,0,0,false,false,0,0
17,134,1289,0,0,0,,true,true,11,3,3,3,true,false,0,0
17,135,1290,0,0,0,,true,true,10,2,3,3,true,false,0,0
17,136,1359,4,4,0,48,true,true,2,0,1,1,true,false,0,0
17,137,1360,4,4,0,48,true,true,2,0,1,1,true,false,0,0
17,138,1361,9,9,0,48,true,true,3,0,1,1,true,false,0,0
17,139,1362,9,9,0,48,true,true,3,0,1,1,true,false,0,0
17,140,1363,2,2,0,48,true,true,3,0,1,1,true,false,0,0
17,141,1364,2,2,0,48,true,true,3,0,1,1,true,false,0,0
17,142,1367,8,8,0,48,true,true,2,0,1,1,true,false,0,0
17,143,1368,0,0,0,,false,false,0,0,0,0,false,false,0,0
17,144,1369,8,8,0,48,true,true,2,0,1,1,true,false,0,0
17,145,1372,3,3,0,48,true,true,2,0,1,1,true,false,0,0
17,146,1373,3,3,0,48,true,true,3,0,1,1,true,false,0,0
17,147,1378,4,4,0,32,true,true,1,0,1,1,true,false,0,0
17,148,1379,1,1,0,320,true,true,26,40,1,1,true,false,0,0
17,149,1380,4,4,0,144,true,true,17,0,1,1,true,false,0,0
17,150,1382,40,40,0,704,true,true,19,70,13,13,true,false,0,0
17,151,1383,4,0,4,,true,true,4,0,1,1,true,false,0,0
17,152,1405,1,1,0,16,true,true,1,0,1,1,true,false,0,0
17,153,1406,1,1,0,16,true,true,1,0,1,1,true,false,0,0
17,154,1407,1,1,0,16,true,true,1,0,1,1,true,false,0,0
17,155,1426,2,2,0,16,true,true,1,0,1,1,true,false,0,0
17,156,1428,1,1,0,64,true,true,14,13,1,1,true,false,0,0
17,157,1438,0,0,0,,true,true,2,1,1,1,true,false,0,0
17,158,1447,0,0,0,,true,true,2,1,1,1,true,false,0,0
17,159,1448,1,1,0,192,true,true,47,0,4,4,true,false,0,0
17,160,1449,0,0,0,,true,true,3,0,1,1,true,false,0,0
17,161,1470,1,1,0,128,false,false,0,0,0,0,false,false,0,0
17,162,1562,1,0,1,,false,false,0,0,0,0,false,false,0,0
17,163,1594,0,0,0,,true,true,3,1,1,1,true,false,0,0
17,164,1595,0,0,0,,true,true,2,1,1,1,true,false,0,0
17,165,1638,3,0,3,,true,true,1,0,1,1,true,false,0,0
17,166,1742,0,0,0,,true,true,3,1,1,1,true,false,0,0
17,167,1743,0,0,0,,true,true,3,1,1,1,true,false,0,0
17,168,1772,2,2,0,80,false,false,0,0,0,0,false,false,0,0
17,169,1843,60,60,0,720,true,true,19,20,2,2,true,false,0,0
17,170,1871,0,0,0,,true,true,1,0,1,1,true,false,0,0
17,171,1872,0,0,0,,true,true,2,0,1,1,true,false,0,0
17,172,1873,28,0,28,,true,true,8,0,1,1,true,false,0,0
17,173,1874,0,0,0,,true,true,8,0,1,1,true,false,0,0
17,174,1875,0,0,0,,true,true,1,0,1,1,true,false,0,0
17,175,1876,24,0,24,,true,true,15,0,1,1,true,false,0,0
17,176,1877,0,0,0,,true,true,13,0,1,1,true,false,0,0
17,177,1878,0,0,0,,true,true,3,0,1,1,true,false,0,0
17,178,1900,0,0,0,,true,true,7,62,4,3,true,false,0,0
17,179,1907,1,0,1,,false,false,0,0,0,0,false,false,0,0
17,180,1908,1,0,1,,false,false,0,0,0,0,false,false,0,0
17,181,1910,1,0,1,,false,false,0,0,0,0,false,false,0,0
17,182,1911,1,0,1,,false,false,0,0,0,0,false,false,0,0
17,183,1913,1,0,1,,false,false,0,0,0,0,false,false,0,0
17,184,1917,0,0,0,,true,true,2,1,1,1,true,false,0,0
17,185,1918,1,0,1,,false,false,0,0,0,0,false,false,0,0
17,186,1958,3,3,0,32,true,true,6,0,1,1,true,false,0,0
18,0,0,1,0,1,,true,true,63,111,134,0,true,true,256,111
18,1,1,0,0,0,,true,false,0,20,23,23,true,false,0,0
18,2,2,0,0,0,,true,false,0,20,23,23,true,false,0,0
18,3,1007,0,0,0,,true,true,1,0,1,1,true,false,0,0
18,4,10,0,0,0,,true,true,44,75,1,1,true,false,0,0
18,5,11,3,3,0,160,true,true,26,45,5,5,true,false,0,0
18,6,12,0,0,0,,true,true,22,92,10,0,false,false,0,0
18,7,13,46,46,0,112,true,true,1,1,2,1,true,false,0,0
18,8,14,0,0,0,,true,true,1,0,1,1,true,false,0,0
18,9,15,0,0,0,,true,true,2,0,1,1,true,false,0,0
18,10,16,0,0,0,,true,true,4,0,1,1,true,false,0,0
18,11,41,0,0,0,,true,true,3,2,1,1,true,false,0,0
18,12,49,0,0,0,,true,true,3,2,1,1,true,false,0,0
18,13,50,0,0,0,,true,true,3,2,1,1,true,false,0,0
18,14,71,0,0,0,,false,false,0,0,0,0,false,false,0,0
18,15,74,0,0,0,,true,true,7,2,4,3,true,false,0,0
18,16,112,0,0,0,,true,true,3,0,1,1,true,false,0,0
18,17,121,0,0,0,,true,true,3,0,1,1,true,false,0,0
18,18,122,0,0,0,,true,true,1,0,1,1,true,false,0,0
18,19,149,0,0,0,,true,true,1,0,1,1,true,false,0,0
18,20,153,0,0,0,,true,true,1,0,1,1,true,false,0,0
18,21,157,0,0,0,,false,false,0,0,0,0,false,false,0,0
18,22,163,0,0,0,,false,false,0,0,0,0,false,false,0,0
18,23,166,0,0,0,,true,true,1,0,1,1,true,false,0,0
18,24,167,0,0,0,,false,false,0,0,0,0,false,false,0,0
18,25,168,0,0,0,,false,false,0,0,0,0,false,false,0,0
18,26,172,0,0,0,,true,true,3,4,1,1,true,false,0,0
18,27,173,0,0,0,,true,true,8,5,3,3,true,false,0,0
18,28,175,0,0,0,,false,false,0,0,0,0,false,false,0,0
18,29,176,0,0,0,,false,false,0,0,0,0,false,false,0,0
18,30,177,0,0,0,,false,false,0,0,0,0,false,false,0,0
18,31,179,0,0,0,,true,true,3,0,1,1,true,false,0,0
18,32,180,0,0,0,,false,false,0,0,0,0,false,false,0,0
18,33,185,0,0,0,,false,false,0,0,0,0,false,false,0,0
18,34,186,0,0,0,,true,true,14,38,11,8,true,false,0,0
18,35,188,0,0,0,,false,false,0,0,0,0,false,false,0,0
18,36,190,0,0,0,,false,false,0,0,0,0,false,false,0,0
18,37,192,0,0,0,,false,false,0,0,0,0,false,false,0,0
18,38,195,0,0,0,,true,true,10,5,3,3,true,false,0,0
18,39,203,0,0,0,,true,true,9,62,4,3,true,false,0,0
18,40,204,0,0,0,,true,true,2,0,1,1,true,false,0,0
18,41,208,0,0,0,,false,false,0,0,0,0,false,false,0,0
18,42,209,0,0,0,,true,true,6,9,8,8,true,false,0,0
18,43,213,0,0,0,,true,true,3,0,1,1,true,false,0,0
18,44,214,0,0,0,,true,true,3,0,1,1,true,false,0,0
18,45,222,0,0,0,,true,true,2,0,1,1,true,false,0,0
18,46,223,0,0,0,,true,true,2,0,1,1,true,false,0,0
18,47,225,0,0,0,,true,true,3,0,1,1,true,false,0,0
18,48,226,0,0,0,,true,true,3,0,1,1,true,false,0,0
18,49,229,0,0,0,,false,false,0,0,0,0,false,false,0,0
18,50,230,0,0,0,,true,true,2,0,1,1,true,false,0,0
18,51,256,0,0,0,,true,true,1,0,1,1,true,false,0,0
18,52,270,0,0,0,,true,true,5,43,5,4,true,false,0,0
18,53,305,0,0,0,,false,false,0,0,0,0,false,false,0,0
18,54,315,0,0,0,,true,true,4,0,1,1,true,false,0,0
18,55,331,0,0,0,,true,true,13,34,1,1,true,false,0,0
18,56,341,2,2,0,48,true,true,13,9,4,4,true,false,0,0
18,57,348,0,0,0,,true,true,1,0,1,1,true,false,0,0
18,58,349,0,0,0,,true,true,1,0,1,1,true,false,0,0
18,59,354,0,0,0,,true,true,1,0,1,1,true,false,0,0
18,60,355,0,0,0,,true,true,1,0,1,1,true,false,0,0
18,61,356,0,0,0,,true,true,1,0,1,1,true,false,0,0
18,62,357,0,0,0,,true,true,1,0,1,1,true,false,0,0
18,63,358,0,0,0,,true,true,1,0,1,1,true,false,0,0
18,64,359,0,0,0,,true,true,1,0,1,1,true,false,0,0
18,65,363,0,0,0,,true,true,1,0,1,1,true,false,0,0
18,66,364,0,0,0,,true,true,1,0,1,1,true,false,0,0
18,67,407,0,0,0,,true,true,3,2,3,3,true,false,0,0
18,68,419,1,0,1,,true,true,62,84,13,13,true,false,0,0
18,69,428,0,0,0,,true,true,1,0,1,1,true,false,0,0
18,70,433,0,0,0,,true,true,11,22,4,3,true,false,0,0
18,71,454,0,0,0,,false,false,0,0,0,0,false,false,0,0
18,72,457,0,0,0,,true,true,3,2,1,1,true,false,0,0
18,73,479,0,0,0,,true,true,5,10,1,1,true,false,0,0
18,74,483,0,0,0,,false,false,0,0,0,0,false,false,0,0
18,75,500,63,63,0,256,true,true,2,0,1,1,true,false,0,0
18,76,501,7,7,0,256,true,true,4,0,1,1,true,false,0,0
18,77,502,8,8,0,256,true,true,5,0,1,1,true,false,0,0
18,78,505,5,5,0,256,true,true,6,0,1,1,true,false,0,0
18,79,511,48,48,0,256,true,true,2,0,1,1,true,false,0,0
18,80,562,0,0,0,,false,false,0,0,0,0,false,false,0,0
18,81,564,0,0,0,,true,true,3,2,1,1,true,false,0,0
18,82,568,20,20,0,416,true,true,7,2,3,3,true,false,0,0
18,83,582,1,1,0,192,false,false,0,0,0,0,false,false,0,0
18,84,583,4,4,0,144,true,true,4,0,1,1,true,false,0,0
18,85,585,0,0,0,,false,false,0,0,0,0,false,false,0,0
18,86,586,2,2,0,128,true,true,4,0,1,1,true,false,0,0
18,87,587,28,28,0,160,true,true,16,0,1,1,true,false,0,0
18,88,601,0,0,0,,true,true,22,33,18,18,true,false,0,0
18,89,605,20,20,0,32,false,false,0,0,0,0,false,false,0,0
18,90,607,0,0,0,,true,true,17,36,9,9,true,false,0,0
18,91,608,0,0,0,,true,true,6,15,9,9,true,false,0,0
18,92,609,0,0,0,,true,true,7,10,5,5,true,false,0,0
18,93,614,0,0,0,,true,true,8,1,1,1,true,false,0,0
18,94,615,2,2,0,288,true,true,14,16,1,1,true,false,0,0
18,95,618,0,0,0,,true,true,7,5,1,1,true,false,0,0
18,96,619,0,0,0,,false,false,0,0,0,0,false,false,0,0
18,97,624,0,0,0,,true,true,2,0,1,1,true,false,0,0
18,98,628,0,0,0,,false,false,0,0,0,0,false,false,0,0
18,99,634,0,0,0,,true,true,26,75,9,8,true,false,0,0
18,100,638,46,46,0,784,true,true,36,79,8,8,true,false,0,0
18,101,639,0,0,0,,true,true,1,0,1,1,true,false,0,0
18,102,644,1,1,0,224,false,false,0,0,0,0,false,false,0,0
18,103,657,0,0,0,,true,true,1,3,2,1,true,false,0,0
18,104,696,0,0,0,,true,true,1,0,1,1,true,false,0,0
18,105,749,90,90,0,640,true,true,21,53,8,8,true,false,0,0
18,106,758,2,2,0,64,true,true,2,1,1,1,true,false,0,0
18,107,775,0,0,0,,true,true,1,0,1,1,true,false,0,0
18,108,803,14,14,0,64,true,true,4,0,1,1,true,false,0,0
18,109,804,0,0,0,,true,true,1,0,1,1,true,false,0,0
18,110,805,3,3,0,48,false,false,0,0,0,0,false,false,0,0
18,111,806,0,0,0,,false,false,0,0,0,0,false,false,0,0
18,112,830,1,1,0,16,true,true,7,0,1,1,true,false,0,0
18,113,832,1,1,0,336,false,false,0,0,0,0,false,false,0,0
18,114,849,0,0,0,,false,false,0,0,0,0,false,false,0,0
18,115,885,3,3,0,32,true,true,8,0,1,1,true,false,0,0
18,116,888,21,21,0,32,true,true,4,0,1,1,true,false,0,0
18,117,891,26,26,0,32,true,true,3,0,1,1,true,false,0,0
18,118,892,16,16,0,32,true,true,6,0,1,1,true,false,0,0
18,119,894,14,14,0,32,true,true,8,0,1,1,true,false,0,0
18,120,900,22,22,0,32,true,true,2,0,1,1,true,false,0,0
18,121,901,3,3,0,32,true,true,7,0,1,1,true,false,0,0
18,122,936,14,14,0,32,true,true,2,0,1,1,true,false,0,0
18,123,983,0,0,0,,false,false,0,0,0,0,false,false,0,0
18,124,1006,0,0,0,,true,true,2,0,1,1,true,false,0,0
18,125,1021,1,1,0,144,true,true,3,0,1,1,true,false,0,0
18,126,1039,1,1,0,256,false,false,0,0,0,0,false,false,0,0
18,127,1060,271,271,0,16,true,true,1,0,1,1,true,false,0,0
18,128,1134,3,3,0,128,true,true,2,1,2,2,true,false,0,0
18,129,1135,2,2,0,80,true,true,5,0,1,1,true,false,0,0
18,130,1137,0,0,0,,true,true,1,5,2,2,true,false,0,0
18,131,1138,0,0,0,,true,true,1,5,216,216,true,false,0,0
18,132,1143,0,0,0,,true,true,9,3,1,1,true,false,0,0
18,133,1146,0,0,0,,true,true,4,4,2,2,true,false,0,0
18,134,1192,0,0,0,,true,true,3,0,1,1,true,false,0,0
18,135,1204,0,0,0,,true,true,1,0,1,1,true,false,0,0
18,136,1249,0,0,0,,true,true,31,92,3,3,true,false,0,0
18,137,1251,0,0,0,,false,false,0,0,0,0,false,false,0,0
18,138,1289,0,0,0,,true,true,11,3,3,3,true,false,0,0
18,139,1290,0,0,0,,true,true,10,2,3,3,true,false,0,0
18,140,1355,36,36,0,448,true,true,3,0,1,1,true,false,0,0
18,141,1356,10,10,0,416,true,true,17,4,1,1,true,false,0,0
18,142,1381,8,8,0,928,false,false,0,0,0,0,false,false,0,0
18,143,1392,2,2,0,32,true,true,2,0,1,1,true,false,0,0
18,144,1402,3,3,0,48,true,true,1,0,1,1,true,false,0,0
18,145,1422,1,1,0,1088,true,true,66,71,15,15,true,false,0,0
18,146,1423,0,0,0,,true,true,8,6,3,3,true,false,0,0
18,147,1427,0,0,0,,true,true,1,0,1,1,true,false,0,0
18,148,1432,13,0,13,,true,true,1,0,1,1,true,false,0,0
18,149,1434,1,0,1,,true,true,37,0,1,1,true,false,0,0
18,150,1435,2,0,2,,true,true,6,0,1,1,true,false,0,0
18,151,1438,0,0,0,,true,true,2,1,1,1,true,false,0,0
18,152,1447,0,0,0,,true,true,2,1,1,1,true,false,0,0
18,153,1449,0,0,0,,true,true,3,0,1,1,true,false,0,0
18,154,1452,12,0,12,,true,true,3,0,1,1,true,false,0,0
18,155,1454,3,3,0,416,true,true,17,22,3,3,true,false,0,0
18,156,1523,0,0,0,,false,false,0,0,0,0,false,false,0,0
18,157,1563,1,1,0,80,false,false,0,0,0,0,false,false,0,0
18,158,1564,19,19,0,128,true,true,3,25,2,2,true,false,0,0
18,159,1568,0,0,0,,true,true,51,1,1,1,true,false,0,0
18,160,1584,38,38,0,160,true,true,6,0,1,1,true,false,0,0
18,161,1588,0,0,0,,true,true,1,1,1,1,true,false,0,0
18,162,1589,0,0,0,,true,true,1,1,1,1,true,false,0,0
18,163,1590,0,0,0,,true,true,1,1,1,1,true,false,0,0
18,164,1630,0,0,0,,true,true,6,15,1,1,true,false,0,0
18,165,1750,1,0,1,,false,false,0,0,0,0,false,false,0,0
18,166,1771,4,0,4,,true,true,1,0,1,1,true,false,0,0
18,167,1776,0,0,0,,true,true,2,0,1,1,true,false,0,0
18,168,1790,0,0,0,,true,true,2,1,1,1,true,false,0,0
18,169,1791,0,0,0,,true,true,2,1,1,1,true,false,0,0
18,170,1792,0,0,0,,true,true,1,1,1,1,true,false,0,0
18,171,1793,0,0,0,,true,true,1,1,1,1,true,false,0,0
18,172,1794,0,0,0,,true,true,1,1,1,1,true,false,0,0
18,173,1796,0,0,0,,true,true,1,1,1,1,true,false,0,0
18,174,1799,1,0,1,,false,false,0,0,0,0,false,false,0,0
18,175,1871,0,0,0,,true,true,1,0,1,1,true,false,0,0
18,176,1872,0,0,0,,true,true,2,0,1,1,true,false,0,0
18,177,1887,0,0,0,,true,true,1,1,1,1,true,false,0,0
18,178,1890,1,1,0,80,true,true,4,0,1,1,true,false,0,0
18,179,1892,0,0,0,,true,true,3,0,1,1,true,false,0,0
18,180,1898,0,0,0,,false,false,0,0,0,0,false,false,0,0
18,181,1899,1,1,0,128,true,true,3,0,1,1,true,false,0,0
18,182,1900,0,0,0,,true,true,7,62,4,3,true,false,0,0
18,183,1906,18,18,0,752,true,true,18,43,5,5,true,false,0,0
18,184,1957,0,0,0,,true,true,26,62,4,1,true,false,0,0
